Scientific_Name,Name_In_Text,Key,English_Name
Abelmoschus manihot,,3152706,Bele
Abelmoschus moschatus,,8312665,
Abroma augusta,,11333111,
Abutilon incanum,,3152625,
Acalypha grandis,,3056864,
Acalypha longispica,,3056240,
Acalypha wilkesiana,,3057221,
Acalypha caturus,,3057069,
Acalypha repanda,,3056491,
Acalypha insulana,,3056746,
Acalypha hispida,,3056375,
Acalypha amentacea,,3057201,
Acalypha spp.,,3055964,Three-seeded Mercuries
Acanthaceae,,2393,Acanthus Family
Acanthus ebracteatus,,5415454,acanthus
Aceratium oppositifolium,,4031710,
Acrostichum aureum,,2651706,
Donax canniformis,Actoplanes cannaeformis,5302997,
Donax canniformis,Actoplanes canniformis,5302997,
Adenanthera gersenii,,2951847,
Adenanthera pavonina,,2951846,Red Sandalwood
Adenanthera polita,,2951849,
Adenostemma lavenia,,3132228,
Afzelia bijuga,,7869794,
Agathis,,1264342,Kauris
Agathis macrophylla,,5284401,
Agavaceae,,3072,
Falcataria falcata,Albizia falcataria,10691906,
Albizia moluccana,,2968270,
Albizia salomonensis,,8425413,
Albizia saman,,2972949,Raintree
Albizia spp.,,2972897,
Albizia falcata,,2968269,
Aleurites moluccanus,Aleurites moluccana,4930679,
Aleurites moluccanus,Aleurites triloba,4930679,
Allamanda cathartica,,3169836,
Alocasia indica,,5329925,
Alocasia macrorrhiza,,5708184,
Alocasia macrorrhizos,,5329904,Giant taro
Alphitonia incana,,3877487,
Alphitonia franguloides,,3877503,
Alphitonia excelsa,,3039494,
Alphitonia macrocarpa,,3877471,
Alphitonia spp.,,3039493,
Alphitonia zizyphoides,,3877300,toi
Alpinia boia,,5301932,
Alstonia sp.,,,
Alstonia scholaris,,5414410,Dogbane
Althoffia,,2332544,
Amaranthaceae,,3064,Amaranth Family
Amaranthus sp.,,,
Amaranthus gangeticus,,5384398,
Amaranthus oleraceus,,8330520,
Amaranthus tricolor,,5384397,Tampala
Amaranthus viridis,,5384334,
Amaryllidaceae,,7682,"Amaryllis, Onions, And Allies"
Amorphophallus campanulatus,,2871556,
Amorphophallus paeoniifolius,,2871533,Whitespot Giant Arum
Anacardiaceae,,2398,Sumac Family
Angiopteris evecta,Angiopteris erecta,5274878,King Fern
Annonaceae,,9291,Custard-apple Family
Anthocarapa nitidula,,3850058,
Antiaris toxicaria,,7262663,
Apocynaceae,,6701,Dogbane Family
Aporosa papuana,,5383511,
Araceae,,,
Araliaceae,,8800,Ginseng Family
Araucaria cunninghamii,,2684996,Dorrigo-pine
Araucaria hunsteinii,,2684933,Klinki Pine
Araucariaceae,,3924,Monkey-puzzle Family
Archidendron oblongum,,3960948,
Areca catechu,,2736531,Betel Nut Palm
Arecaceae,,7681,Mangrove Palm
Argusia argentea,,8223151,
Aristotelia serrata,,5651040,
Artocarpus altilis,Artocarpus communis,2984573,Breadfruit Tree
Artocarpus altilis,Artocarpus camansi,2984573,
Artocarpus altilis,Artocarpus mariannensis,2984573,
Artocarpus incisus,,8002090,
Asclepiadaceae,,6700,milkweeds
Aspleniaceae,,6625,spleenwort family
Asplenium nidus,,2650676,Hawai'I Birdnest Fern
Asplenium spp.,,2650583,spleenwort
Asteraceae,,3065,Aster Family
Athyrium spp.,,2650888,lady fern
Atuna excelsa,Parinari laurina,3745558,
Atuna excelsa,Parinarium laurinum,3745558,
Avicennia marina,,2925403,Grey Mangrove
Avicennia spp.,,2925398,Black Mangrove
Avicennia spp.,,2925398,Black Mangrove
Avicenniaceae,,4196595,
Baccaurea seemannii,,3082139,
Bambusa,,2705751,Bamboo
Bambusa spp.,,2705751,Bamboo
Bambusa vulgaris,,7661971,
Barringtonia asiatica,Barringtonia speciosa,7561644,
Barringtonia brosimos,,3082787,
Barringtonia calyptrata,,8280705,Corned Beef Wood
Barringtonia edulis,,3082861,Cutnut
Barringtonia guppyana,,3082718,
Barringtonia littorea,,3082926,
Barringtonia magnifica,,3082719,
Barringtonia niedenzuana,,3082849,
Barringtonia novae-hiberniae,,3082785,
Barringtonia oblongifolia,,3082786,
Barringtonia procera,,3082716,cutnut
Barringtonia racemosa,,3082727,China-pine
Barringtonia samoensis,,3082774,
Barringtonia schuchardtiana,,3082717,
Barringtonia seaturae,,3082873,
Barringtonia spp.,,3082715,
Bassia erskineana,,5333891,
Beilschmiedia tawa,,4182938,
Benincasa hispida,,2874524,Chinese preserving-melon
Dolichandrone falcata,Bignonia spathacea,4091174,
Bignoniaceae,,,
Bischofia javanica,,5383085,Bishopwood
Boehmeria virgata,,4100434,
Boerlagiodendron spp.,,7314469,
Bombacaceae,,2436,bombax
Bombax ceiba,Bombax malabaricum,3152226,
Boraginaceae,,2498,borage family
Broussonetia papyrifera,,5361944,Paper Mulberry
Bruguiera gymnorhiza,Bruguiera gymnorrhiza,7583876,Oriental Mangrove
Bruguiera spp.,,7780057,
Burckella richii,,2887300,
Burckella obovata,,2887307,
Burckella sorei,,2887291,
Burckella spp.,,2887290,
Burckella spp.,,2887290,
Burseraceae,,6659,Burseras
Calamus spp.,,8494406,Calamus
Calamus aruensis,Calamus hollrungii,5293998,
Calamus longipinna,Calamus ralumensis,5294142,
Calamus vitiensis,Calamus stipitatus,5294278,
Calamus vestitus,,5294558,
Callicarpa pentandra,,5609366,
Calochlaena straminea,,7837906,
Calonyction grandiflorum,,3680437,
Calophyllum sp.,,,
Calophyllum caledonicum,,7972481,
Calophyllum cerasiferum,Calophyllum casiferum,8018875,
Calophyllum inophyllum,,9531830,Tamanu
Calophyllum kajewskii,,7614984,
Calophyllum montanum,,8036844,
Calophyllum neoebudicum,,8330251,
Calophyllum peekelii,,7885042,
Calophyllum pseudovitiense,,8002708,
Calophyllum streimannii,,8076774,
Calophyllum vexans,,7835402,
Calophyllum vitiense,,7453573,
Campnosperma brevipetiolatum,,4928922,
Camptostemon schultzii,,4073235,
Cananga odorata,,5407583,Cananga tree
Cananga spp.,,5407582,Ilang-Ilang
Canarium asperum,,5636034,
Canarium chinare,,5635932,
Canarium commune,,7652166,
Canarium decumanum,,5635879,
Canarium harveyi,,5635774,
Canarium indicum,Canarium mehenbethene,5421345,Java Almond
Canarium lamii,,5636202,
Canarium moluccanum,,5636149,
Canarium salomonense,Canarium salomonensis,5635923,
Canarium spp.,,3190431,
Canavalia maritima,,7962825,
Canavalia sericea,,2962106,
Canavalia rosea,,2962021,Bay Bean
Carapa obovata,,3852135,
Carica papaya,,2874484,
Caryota rumphiana,,2738893,Albert palm
Caryota mitis,,2738902,
Caryota cumingii,,2738920,
Caryota spp.,,2738880,Fishtail Palm
Castanopsis acuminatissima,,5333166,Papua New Guinea Oak
Casuarina equisetifolia,,2891930,Casuarine
Casuarina spp.,,2891925,She-Oak
Casuarinaceae,,5352,Beef Wood
Celtis nymanii,,4159801,
Ceodes spp.,,7327172,
Cerbera floribunda,,5535887,
Cerbera manghas,Cerbera lactaria,7155766,Madagascar ordeal-bean
Cerbera odollam,,7155753,
Cerbera spp.,,3169757,
Cerbera spp.,,3169757,
Ceriops tagal,,3086518,spurred mangrove
Chavica betle,,4188607,
Chrysobalanaceae,,9111,
Cinnamomum spp.,,3033980,Cinnamon
Cinnamomum xanthoneurum,Cinnamomum xanthoneuron,4179017,
Cyrtandra samoensis,,5588844,
Fabaceae,Cisalpiniaceae,5386,Legume Family
Citrus polyandra,,7783337,
Citrus aurantium,Citrus sinensis,8077391,
Citrus medica,,3190157,
Citrus spp.,,3190155,Citrus
Clematis paniculata,,7433570,
Clerodendrum inerme,,8100393,
Clerodendrum paniculatum,Clerondendron paniculatum,3890745,
Clymenia polyandra,Citrus flaviflora,5594453,clymenia
Clinogyne grandis,,2762149,
Clusiaceae,,6646,
Clymenia polyandra,,5594453,clymenia
Cocos nucifera,,2735117,Coconut
Codiaeum variegatum,,3071476,Garden Croton
Coix lacryma-jobi,,2706301,
Colocasia antiquorum,,5330777,Coco-Yam
Colocasia esculenta,,5330776,Taro
Colocasia spp.,,7384515,Elephant Ears
Colocasia spp.,,7384515,Elephant Ears
Combretaceae,,2431,white mangrove
Cominsia gigantea,,2762344,
Commersonia bartramia,,7323037,"Brown kurrajong, Scrub Christmas tree"
Convolvulaceae,,2389,bindweed family
Convolvulus sp.,,2928386,
Convolvulus peltatus,,3680464,
Convolvulus tuba,,3676654,
Corallaria parvifolia,,2951848,
Cordia sp.,,,
Cordia aspera,,7294535,
Cordia subcordata,,5341267,Kou
Cordyline sp.,,,
Cordyline fruticosa,,2766278,Tiplant
Cordyline fruticosa,,2766278,Tiplant
Cordyline terminalis,,2766314,
Corynocarpaceae,,2515,
Corynocarpus sp.,,,
Corynocarpus cribbianus,Corynocarpus australasicus,3658820,
Corynocarpus cribbianus,Corynocarpus cribbiana,3658820,
Corynocarpus laevigatus,Corynocarpus laevigata,3169083,
Corynocarpus similis,,3658823,
Crassula scutellaria,,5690175,
Crinum asiaticum,,2853796,Asiatic poisonbulb
Crinum pedunculatum,,7480728,
Cryptocarya massoy,Cryptocarya aromatica,4183427,
Cryptocarya kamahar,,4176176,
Cryptocarya cordata,,4177701,
Cryptocarya spp.,,3011993,
Ctenitis spp.,,2650908,Lacefern
Ctenitis spp.,,2650908,Lacefern
Cucumis sativus,,2874569,Cucumber
Cucurbita lagenaria,,2874673,
Cucurbita moschata,,7393329,Squash / Pumpkin
Cucurbita siceraria,,2874676,
Cucurbitaceae,,6634,Gourd Family
Cunoniaceae,,2405,
Curcuma longa,Curcuma domestica,2757624,
Curcuma tongii,Curcuma tonga,10687104,
Cyathea brackenridgei,,3600162,
Sphaeropteris propinqua,Cyathea propinqua,5529558,
Cyathea lunulata,,3600584,tsatsa
Cyathea spp.,,2650273,Treefern
Cyatheaceae,,6624,Scaly Tree Ferns
Cycadaceae,,4912286,
Cycas rumphii,Cycas celebica,2683272,Ceylon sago
Cycas circinalis,,2683264,
Cycas scratchleyana,,2683290,
Cycas revoluta,,2683217,Sago palm
Cycas spp.,,2683206,Cycad
Cycas spp.,,2683206,Cycad
Cyclosorus truncatus,,7321182,
Cymbopogon coloratus,,4151005,
Cyperus laevigatus,,2713559,
Cyrtosperma chamissonis,,2871924,swamp taro
Cyrtosperma edule,,9659176,
Cyrtosperma merkusii,,2871919,gallan
Dacrycarpus dacrydioides,,2687859,
Datiscaceae,,6633,datiscas
Davalliaceae,,3229325,hare's-foot fern family
Decaspermum neoebudicum,,3180037,
Dendrocnide spp.,,6414479,
Dendrocnide excelsa,,4098881,
Dendrocnide latifolia,,4098799,
Dendrocnide longifolia,Dendrocnide warburgii,4098791,
Dendrocnide harveyi,Laportea harveyi,4098856,
Dendrocnide moroides,,4098695,
Dendrocnide sessiliflora,Laportea sessiliflora,4098520,
Dendrolobium umbellatum,,2946798,
Laportea spp.,,2984461,Wood Nettles
Laportea interrupta,,2984469,
Laportea ruderalis,,4098684,
Dennstaedtia spp.,,10847691,
Dennstaedtia spp.,,10847691,
Dennstaedtiaceae,,6623,Bracken Family
Derris spp.,,2947465,
Derris elliptica,,5350305,
Derris trifoliata,Derris heterophylla,5350336,
Dillenia megalantha,,5681248,
Dillenia ingens,,5681344,
Dillenia excelsa,,5681458,
Dillenia macrophylla,,7975859,
Dillenia biflora,,8578584,
Dillenia philippinensis,,5383895,
Dillenia salomonensis,,5681004,
Dillenia schlechteri,,5680986,
Dillenia spp.,,3083492,
Dilleniaceae,,2511,
Dioscorea alata,,2754476,Yams
Dioscorea bulbifera,,7964683,
Dioscorea esculenta,,2755195,Asiatic yam
Dioscorea hispida,,2755784,
Dioscorea nummularia,,8077783,
Dioscorea pentaphylla,,2754423,
Dioscorea spp.,,2754367,Cinnamon Vine
Dioscoreaceae,,7694,True Yams
Diospyros spp.,,3030169,"Ebony, Persimmon"
Diospyros parviflora,,4071331,
Diospyros peekelii,,4071286,
Diospyros ebenum,,3032979,
Diospyros ferrea,,3032960,
Diospyros maritima,,3032994,
Diospyros samoensis,Diospyros austro-caledonicus,4071362,
Diplazium esculentum,,2650858,Vegetable fern
Diplazium proliferum,,7558255,
Dolichandrone spathacea,,3172487,mangrove trumpet-tree
Dolichos hirsutus,,2977661,
Dolichos lobatus,,2977662,
Dolichos tuberosus,,7417019,
Donax arundastrum,,5615768,
Donax canniformis,Donax cannaeformis,5302997,
Dracaena angustifolia,,5304502,
Dracaena sp.,,2472002,caiman lizard
Dracaena spp.,,2472002,caiman lizard
Dracontomelon,,3190526,
Dracontomelon dao,,3190527,Argus pheasant tree
Dracontomelon edule,,3660280,
Dracontomelon mangiferum,,3190528,
Dracontomelon spp.,,3190526,
Dracontomelon vitiense,Dracontomelon vitiensis,8050389,Dragon Plum
Drymophloeus sp.,,2732232,
Dryopteridaceae,,2373,Shieldfern Family
Dryopteris spp.,,2651126,Wood Ferns
Christella arida,Dryopteris aridis,4080035,
Dysoxylum aneityense,,3850996,
Dysoxylum arborescens,,7271294,
Dysoxylum forsteri,,3850288,
Dysoxylum gaudichaudianum,,3850172,
Dysoxylum kaniense,,3849859,
Didymocheton alliaceus,Dysoxylum richii,11674083,
Dysoxylum spectabile,,3851686,
Didymocheton samoensis,Dysoxylum samoensis,11624504,
Didymocheton lenticellaris,Dysoxylum lenticillare,11765372,
Dysoxylum spp.,,3190481,
Ebenaceae,,6709,Ebony
Elaeocarpaceae,,2435,
Elaeocarpus angustifolius,,7426040,Blue marble tree
Elaeocarpus edulis,,4031662,
Elaeocarpus floridanus,,4031357,
Elaeocarpus floridanus,,4031357,
Elaeocarpus pseudosepicanus,,4031273,
Elaeocarpus sphaericus,,10988361,
Elaeocarpus spp.,,3152094,
Eleocharis geniculata,,2716850,
Endospermum formicarum,,3063654,
Endospermum medullosum,,3063648,Whitewood
Endospermum moluccanum,,3063652,
Endospermum macrophyllum,,3063627,
Endospermum spp.,,3063626,
Enhalus sp.,,2866112,
Ensete glaucum,,2763038,
Entada phaseoloides,,2976244,
Epipremnum pinnatum,,2868272,
Erythrina sp.,,,
Erythrina spp.,,,
Erythrina indica,,5349598,
Erythrina variegata,,5349581,Indian coraltree
Erythrina orientalis,,5349586,
Erythrina subumbrans,,5349636,
Erythrina fusca,,5349620,
Eugenia jambos,,5419154,
Eugenia malaccensis,,7907394,
Syzygium maire,Eugenia maire,3184633,
Euodia elleryana,,7269463,
Euodia hortensis,,5594509,
Euodia spp.,,7238187,
Euodia tetragona,,5594118,
Euphorbiaceae,,4691,spurge family
Excoecaria agallocha,,3071702,blind-your-eye
Falcataria moluccana,,2968262,White Albizia
Fabaceae,,5386,Legume Family
Fagaceae,,4689,beech family
Fagraea sp.,,,
Fagraea spp.,,,
Fagraea berteroana,,6388630,Cape jitta
Fagraea gracilipes,,4019958,
Fagraea ligustrina,,4019775,
Fagraea maingayi,,4019668,
Fagraea pauciflora,,4019445,
Fagraea peekelii,,4019433,
Fagraea racemosa,,7289327,
Fagraea schlechteri,,4019145,
Falcataria moluccana,,2968262,White Albizia
Ficus adenosperma,,7262893,
Ficus aspera,,7262784,
Ficus austrina,,5571756,
Ficus benghalensis,Ficus bengalensis,5361919,
Ficus benjamina,,5361932,
Ficus copiosa,,7262424,plentiful fig
Ficus granatum,,5570965,
Ficus microcarpa,,7467639,
Ficus mutabilis,,5570909,
Ficus nodosa,,5570676,Cape fig
Ficus obliqua,,7262513,
Ficus subtrinervia,Ficus pachystemon,5569909,
Ficus pritchardii,,5572126,
Ficus prolixa,,5361898,
Ficus scabra,,5570907,
Ficus spp.,,2984588,Fig
Ficus subulata,,5569896,
Ficus tinctoria,,3767426,Fig
Ficus variegata,,9726071,
Ficus vitiensis,,5571527,
Ficus wassa,,5571444,
Finschia chloroxantha,,5636779,
Finschia densiflora,,5636774,
Finschia waterhousiana,,5636763,
Flacourtia rukam,,5331160,Rukam
Flacourtiaceae,,9725603,
Flagellaria indica,,5287564,
Flagellaria gigantea,,5287563,
Fleurya,,11010226,
Flueggea flexuosa,Flueggea samoana,5382874,Poumuli
Fucus sp.,,7832266,
Garcinia spp.,,3189556,Saptree
Garcinia latissima,,3714043,
Garcinia pancheri,,3713316,
Garcinia scaphopetala,,3712781,
Garcinia platyphylla,,3713161,
Garcinia pseudoguttifera,,3713084,
Garcinia sessilis,,3712715,
Garcinia warburgiana,Garcinia novo-guineensis,3712236,
Gardenia jasminoides,Gardenia augusta,5335125,
Gardenia taitensis,,5335073,
Garuga abilo,,3993645,
Garuga floribunda,,7286844,
Geitonoplesium cymosum,,2781147,
Glochidion philippicum,,3080502,
Glochidion angulatum,,3080198,
Glochidion gimi,,3080873,
Glochidion stipulare,,3080180,
Glochidion perakense,,3080589,
Glochidion spp.,,3080069,
Gmelina sp.,,,
Gmelina moluccana,,5607645,
Gnetaceae,,,
Gnetum gnemon,,2653133,Spanish joint-fir
Gnetum latifolium,,2653172,
Hydriastele macrospadix,Gulubia macrospadix,2738528,
Goodeniaceae,,3113,
Gossypium tomentosum,,3152655,
Grevillea densiflora,,3999100,
Grewia,,3152078,
Grewia crenata,,4260465,
Guettarda sp.,,,
Guettarda speciosa,,8012534,
Guioa rhoifolia,,3787234,
Gyrocarpus americanus,,7326414,Coolamon-tree
Hedychium coronarium,,7883492,
Helicia cribbiana,,5637648,
Heliconia,,2760545,Heliconia
Heliconia sp.,,,
Heliconia indica,,2760563,
Heliconia solomonensis,,2760869,
Heliconiaceae,,4677,
Heritiera littoralis,,7725132,beach tulip-oak
Hernandia sp.,,,
Hernandia spp.,,,
Hernandia moerenhoutiana,,7326421,
Hernandia nymphaeifolia,,3685338,sea hearse
Hernandia olivacea,,3685467,
Hernandia ovigera,,8282016,
Hernandia peltata,,3685418,
Hernandiaceae,,2495,
Hibiscus manihot,,3935663,
Hibiscus spp.,,3152542,Hibiscuses
Hibiscus tiliaceus,,3152584,Coast Cottonwood
Hibiscus rosa-sinensis,,3152559,
Hornstedtia lycostoma,,2759723,
Hornstedtia scottiana,,2759722,
Horsfieldia irya,,5564667,
Hoya spp.,,3170437,
Hoya australis,Hoya bicarinata,7150750,
Hydrocharitaceae,,3721,Frog-bit Family
Illipe hollrungii,,2887325,
Imperata arundinacea,,5289714,
Imperata cylindrica,,8424006,"Alang-alang, Blady grass, Cogon grass, Japgrass, Satintail, Speargrass"
Inocarpus edulis,,2961949,
Inocarpus fagifer,,7837019,Tahitian Chestnut
Intsia amboinensis,,2963219,
Intsia bijuga,,2963211,Borneo-teak
Ipomoea,,2928509,morning glory
Ipomoea alba,,2928631,
Ipomoea batatas,,2928551,Sweet Potato
Ipomoea grandiflora,,7804856,
Ipomoea violacea,Ipomoea macrantha,2928516,
Ipomoea peltata,,8349289,
Ipomoea pes-caprae,,7639451,Beach Morning-glory
Ipomoea spp.,,2928509,morning glory
Ipomoea tuba,,2928518,
Jambosa malaccensis,,3184516,
Jasminum degeneri,,3682139,
Kleinhovia hospita,,3152102,Guest Tree
Knightia excelsa,,5638587,
Lablab purpureus,,2952236,
Lagenaria leucantha,,2874675,
Lagenaria siceraria,,2874672,White-flowered Gourd
Lagenaria vulgaris,,8306444,
Lamiaceae,,2497,Mint Family
Lauraceae,,,
Laurelia novae-zelandiae,,3782126,
Lecythidaceae,,3990,Brazil-Nut
Leea indica,,4160336,bandicoot-berry
Leea tetramera,,4160415,
Leeaceae,,4160301,
Leguminosae,,3960911,
Leucaena leucocephala,,2970418,Mimosa
Leucosyke corymbulosa,,4102440,
Licuala spp.,,7830622,
Licuala lauterbachii,,2736393,
Licuala ramsayi,,2736328,
Licuala rumphii,,2736413,
Liliaceae,,7699,Lilies
Litsea spp.,,3033976,
Litsea timoriana,Litsea kauloensis,4180082,
Litsea dielsiana,,4177133,
Loganiaceae,,2502,Loganias
Lumnitzera littorea,,5421047,
Lygodiaceae,,2371,Climbing Ferns
Lygodium spp.,,2650431,Climbing Fern
Lygodium circinnatum,,3744314,
Lygodium flexuosum,Lygodium scandens,3744838,
Lygodium trifurcatum,,3744922,
Lythraceae,,4922405,
Macaranga spp.,,3073879,
Macaranga sp.,,3073879,
Macaranga quadriglandulosa,,3074089,
Macaranga tanarius,,3074251,
Macaranga involucrata,,3074523,
Macaranga aleuritoides,,3074026,
Macaranga grandifolia,,3074216,
Macaranga dioica,Macaranga urophylla,3074322,
Mallotus spp.,,2410910,Capelins
Malvaceae,,6685,mallow family
Mammea odorata,,5555960,
Mammea glauca,,7855417,
Mangifera foetida,,3190640,
Mangifera indica,,7875302,
Mangifera minor,,3662469,
Mangifera altissima,Mangifera mucronulata,3190639,
Mangifera spp.,,3075453,Mango
Manihot esculenta,,3060998,Sweet Cassava
Manilkara spp.,,2885024,
Manilkara vitiensis,,2885106,
Manilkara hoshinoi,,2885035,
Maranta grandis,,2762146,
Marantaceae,,8784,Arrowroot
Maranthes corymbosa,,2984717,
Marattiaceae,,6628,
Melicope cucullata,,7269085,
Mucuna gigantea,,2951381,
Ptisana pellucida,Marattia fraxinea,3920120,
Ptisana salicina,Marattia salicina,3920084,
Melanolepis multiglandulosa,,5380873,
Meliaceae,,,
Melicope elleryana,,3833337,Pink euodia
Melochia umbellata,,3152126,Gunpowder tree
Melochia odorata,,7552285,
Memecylon vitiense,Memecylon harveyi,3863392,
Merremia peltata,,5548953,
Decalobanthus pacificus,Merremia pacifica,9535215,
Meryta neoebudica,,3036435,
Meryta sinclairii,,3036415,
Messerschmidia argentea,,8708461,
Metrosideros fulgens,,3185442,
Kania eugenioides,Metrosideros parviflora,3181227,
Metroxylon sagu,Metroxylon rumphii,2733781,sago palm
Metroxylon sagu,Metroxylon oxybracteatum,2733781,
Metroxylon amicarum,,2733813,
Metroxylon paulcoxii,,2733819,
Metroxylon salomonense,Metroxylon bougainvillense,2733778,
Metroxylon spp.,,2733775,Metroxylon
Metroxylon spp.,,2733775,Metroxylon
Metroxylon warburgii,,2733776,
Microsorum scolopendria,Microsorium scolopendria,2650532,
Mimosaceae,,3794735,
Mimosa pudica,,2969284,
Miscanthus,,2706020,silvergrass
Miscanthus floridulus,,2706022,Japanese silver grass
Miscanthus japonicus,,4115603,
Moraceae,,6640,Fig Family
Morinda citrifolia,,5339879,Noni
Musa spp.,,2760990,Banana
Musa paradisiaca,Musa sapientum,2762752,
Musa schizocarpa,,2762931,
Musa troglodytarum,Musa fehi,2762936,
Musa balbisiana,,2762950,
Musa acuminata,,2762680,
Musaceae,,4686,Banana
Myristica inutilis,,7333668,
Myristica fatua,,7799651,
Myristica schleinitzii,,5564467,
Myristica grandifolia,Myristica grandiflora,5564739,
Myristica chartacea,,5564499,
Myristica hollrungii,,5564687,
Myristica spp.,,3152840,Nutmeg
Myristicaceae,,2439,
Myrtaceae,,5014,Myrtle Family
Nastus obtusus,,5678152,
Rorippa hybosperma,Nasturtium hybospermum,3053215,
Widjajachloa producta,Nastus productus,10891503,
Nastus spp.,,3232791,
Nastus spp.,,3232791,
Neonauclea forsteri,Nauclea forsteri,2919489,
Ochrosia oppositifolia,Neisosperma oppositifolium,3617566,
Nephrolepis biserrata,,2650936,Giant Swordfern
Polyscias fruticosa,Nothopanax fruticosum,3035652,
Polyscias scutellaria,Nothopanax scutellarium,3035778,
Nyctaginaceae,,6718,Four O'clock Family
Nypa fruticans,,2738422,Nypa Palm
Ochrosia oppositifolia,,3617566,Twin-apple
Ochrosia elliptica,Ochrosia parviflora,3169645,
Octomeles sp.,,,
Octomeles sumatranum,Octomeles sumatrana,4928823,
Olacaceae,,6662,Olax
Omphalea gageana,,3062220,
Operculina peltata,,5548762,
Pachyrhizus erosus,Pachyrrhizus trilobus,2974683,
Palaquium spp.,,2886411,
Palaquium stehlinii,,2886560,
Palaquium fidjiense,,2886482,
Polyscias fruticosa,Panax fruticosum,3035652,
Pandanaceae,,3737,
Pandanus compressus,,5328030,
Pandanus conoideus,Pandanus cominsii,5328074,
Benstonea stenocarpa,Pandanus danckelmannianus,9036149,
Pandanus dubius,,5328028,Knob-fruited Screwpine
Pandanus lamekotensis,,5327756,
Pandanus odoratissimus,,8291402,
Pandanus spp.,,8404076,Screwpine
Pandanus tectorius,Pandanus textorius,8023236,
Benstonea thurstonii,Pandanus thurstoni,9516047,
Pandanus whitmeeanus,,5327748,
Pangium edule,,9796769,Football Fruit
Parartocarpus venenosa,Parartocarpus involucrata,3766049,
Paraserianthes,,2943718,
Paraserianthes falcataria,,2968263,
Parinari salomonensis,,3745397,
Parinari glaberrima,,3745602,
Parinari insularum,,2984938,
Parinari spp.,,2984937,
Paspalum conjugatum,,2705656,Crab Grass
Paspalum spp.,,2705540,Paspalum
Passiflora foetida,,7736634,
Passifloraceae,,2378,Passion Flower Family
Payena mentzelii,,2887328,
Pemphis acidula,,3188706,
Pennisetum macrostachyum,,2706133,
Pennisetum polystachion,,9642664,feather pennisetum
Pentaspadon minutiflora,,3662387,
Pimelodendron amboinicum,,3054790,
Phaleria coccinea,,8377390,
Phaleria disperma,,5524374,
Phaleria spp.,,1045830,
Phragmites karka,,8698759,
Phyllanthaceae,,8807,leaf flower family
Piper betle,,4187904,Betel Pepper
Piper fragile,,4190516,
Piper lanatum,Piper banksii,4190512,
Piper latifolium,,8038077,
Piper macropiper,Piper vaupelii,4187547,
Macropiper excelsum,,7305062,
Piper methysticum,,3086358,Kava
Piper celtidiforme,Piper singkojan,4184887,
Piper subbullatum,,4187142,
Piper wichmannii,,4187213,
Piperaceae,,6678,Peppers
Pipturus sp.,,,
Pipturus spp.,,,
Pipturus argenteus,,6414892,
Pipturus incanus,,4101779,
Pipturus velutinus,,7598427,
Pisonia brunoniana,,7562277,
Pisonia excelsa,,3701064,
Pisonia grandis,,8641545,
Pisonia aculeata,,3086260,
Pisonia spp.,,3086250,Catchbirdtree
Pisonia umbellifera,,7525383,
Planchonella costata,,5334093,
Planchonella garberi,,5334082,
Planchonella grayana,,5334033,
Planchonella linggensis,,5334068,
Planchonella peekelii,,5334107,
Planchonella torricellensis,Planchonella samoensis,5334167,
Planchonella sandwicensis,,5333997,
Planchonella spp.,,8033501,
Plumeria acutifolia,,3169676,
Plumeria rubra,,3169674,
Poaceae,,3073,Grass
Podocarpus ferrugineus,,5285858,
Polyscias cumingiana,,9213313,Malaysian Aralia
Polyscias fruticosa,,3035652,Ming Aralia
Polyscias macgillivrayi,,3035673,
Polyscias pinnata,,8294987,
Polyscias rumphiana,,3035718,
Polyscias scutellaria,,3035778,Shield Aralia
Polyscias verticillata,,3035882,
Polyscias spp.,,3035574,
Pomaderris phylicifolia,,7273858,
Pometia pinnata,,5577338,Fijian longan
Pongamia glabra,,11377893,
Pongamia pinnata,,2965911,"Indian beech, Pongam oiltree"
Pouteria maclayana,,2884578,
Premna corymbosa,,7713954,
Premna divaricata,,3897803,
Premna integrifolia,,7308606,
Premna protrusa,,3896458,
Premna serratifolia,Premna gaudichaudii,6411486,bastard guelder
Premna tahitensis,Premna taitensis,,
Premna spp.,,2925344,
Pritchardia pacifica,Eupritchardia pacifica,5294627,Fiji fan palm
Proteaceae,,2414,Proteas
Prunus spp.,,3020559,Cherry
Prunus spp.,,3020559,Cherry
Psilotum nudum,,2688176,
Psophocarpus tetragonolobus,,2944683,
Pteris tripartita,,5275407,
Pterocarpus indicus,,7982935,
Pterocymbium spp.,,7322952,
Pueraria hirsuta,,2943403,
Pueraria lobata,,2977654,East Asian arrow root
Pueraria montana,Pueraria montanus,2977636,kudzu
Pueraria neocaledonica,,3967330,
Pueraria novoguineensis,,11149764,
Pueraria thunbergiana,,2977655,
Pueraria triloba,,2977651,
Putranjiva roxburghii,Putranjiva roxburgii,3076079,
Ranunculus insignis,,3925835,
Rhamnaceae,,4904319,
Rhizophora apiculata,,3086526,Mangrove
Rhizophora mucronata,,3086527,True Mangrove
Rhizophora spp.,,3086525,Mangrove
Rhizophora stylosa,,3874022,Spotted mangrove
Rhizophoraceae,,6671,red mangrove
Rhus retusa,,3661508,
Rhus rufa,,3661305,
Rhus spp.,,3190534,Sumacs
Rhus taitensis,,3660501,Sumac
Rosaceae,,,
Rubiaceae,,,
Rutaceae,,2396,rue family
Saccharum edule,,4134850,
Saccharum floridulum,,4134738,
Saccharum officinarum,,2703912,Sugar Cane
Saccharum spontaneum,,2703935,Wild Sugarcane
Saccharum maximum,Erianthus maximus,4134339,
Sadleria,,2651502,
Sagus vitiensis,,5293499,
Sapindaceae,,,
Sapotaceae,,8802,Sapodillas
Scaevola sp.,,,
Scaevola cylindrica,,5569109,
Scaevola frutescens,,7099691,
Scaevola koenigii,,5569382,
Scaevola sericea,,5407599,beach naupaka
Scaevola taccada,,6358362,Beach Naupaca
Schizomeria serrata,,3613800,
Schizostachyum spp.,,2703895,Polynesian 'Ohe
Schizostachyum lima,,4123184,
Schizostachyum glaucifolium,,2703896,
Schleinitzia novoguineensis,,5349226,
Securinega flexuosa,,3079345,
Semecarpus sp.,,,
Semecarpus forstenii,,3660182,
Semecarpus vitiensis,,7815565,
Serianthes vitiensis,,3975896,
Sideroxylon costatum,,2887876,
Sideroxylon peekelii,,2887907,
Smilax vitiensis,,5295353,
Sonneratia alba,,5406998,
Sonneratia caseolaris,,5635606,
Sphaerostephanos invisus,,2651482,
Spondias cytherea,,3190596,
Spondias dulcis,,8549822,
Spondias mangifera,,3661208,
Stenotaphrum secundatum,,2702870,
Sterculia spp.,,3152129,tropical chestnut
Sterculia tannaensis,,7538317,
Sterculia vitiensis,,7999791,
Sterculiaceae,,2434,sterculias
Suriana maritima,,2986073,
Syzygium aqueum,,3183335,Water Apple
Syzygium tierneyanum,Syzygium lauterbachii,3183823,
Syzygium effusum,Eugenia effusa,8210123,
Syzygium acutangulum,,3182474,
Syzygium samarangense,,3183180,
Syzygium malaccense,,3184509,Malay-apple
Syzygium spp.,,3029010,
Tacca sp.,,9375127,
Tacca leontopetaloides,,2755866,Batflower
Taccaceae,,3069,
Taetsia fruticosa,,2766329,
Tephrosia sp.,,,
Tephrosia purpurea,Tephrosia piscatoria,5342239,
Terminalia brassii,,3699014,brown terminalia
Terminalia calamansanai,,4934232,
Terminalia catappa,,3189394,India Almond
Terminalia complanata,,3698386,
Terminalia copelandii,,4934231,
Terminalia impediens,,3698711,
Terminalia kaernbachii,,3698582,okari-nut
Terminalia megalocarpa,,3699839,
Terminalia samoensis,,3699847,
Terminalia sepicana,,3699786,
Terminalia spp.,,3189387,Tropical Almond
Donax canniformis,Thalia cannaeformis,5302997,
Thelypteridaceae,,6618,marsh fern family
Themeda australis,,2703468,
Themeda triandra,,2703467,
Thespesia macrophylla,,3936417,
Thespesia populnea,,3152795,Portia Tree
Thuarea involuta,,2702911,Kuroiwa Grass
Thymelaeaceae,,2428,Mezereum Family
Tiliaceae,,2433,basswood
Ectropoceros imbricata,Tinea imbricata,1855683,
Tournefortia argentea,,7708361,Velvetleaf Soldierbush
Trema sp.,,,
Trema cannabina,,2984507,
Trema tomentosum,Trema amboinensis,7303576,
Trema andersonii,Parasponia andersonii,9755995,
Trema tomentosum,Trema aspera,7303576,
Trema orientalis,,7141659,"Charcoal-tree, Indian charcoal-tree, Oriental trema, Pigeon wood, Peach-cedar, Rough trema, Tree-peach, Woolly-cedar"
Trema orientale,Trema scaberrima,2984508,
Trichospermum psilocladum,,4261428,
Trichospermum richii,,3152056,
Trichospermum incaniopsis,Trichospermum peekelii,4261593,
Trichospermum pleiostigma,Trichospermum pleiostigmum,4261440,
Trichospermum inmac,,4261579,
Trichospermum spp.,,3152055,
Ulmaceae,,,
Urtica argentea,,5671298,
Urtica incana,,5669875,
Urticaceae,,6639,nettle family
Veitchia arecina,,5293072,
Ventilago vitiensis,,3877406,
Verbenaceae,,6689,vervain family
Vitex sp.,,,
Vitex cofassus,Vitex monophylla,3881501,New Guinea-teak
Vitex negundo,,2925564,Five Leaved Chaste
Vitex trifolia,,2925561,Indian three-leaf vitex
Vitex rotundifolia,,2925558,
Wedelia sp.,,3091756,
Wedelia biflora,,7614337,
Ixora sp.,,2905224,
Ixora foetida,Wikstroemia foetida,2925157,
Wollastonia biflora,,5386813,Honolulu Nehe
Woodsiaceae,,3229365,Cliff Fern Family
Xanthosoma sagittifolium,,5330901,Arrowleaf Elephant's Ear
Ximenia americana,,2889811,Tallowwood
Xylocarpus granatum,,3190517,apple mangrove
Xylocarpus moluccensis,,3190516,cedar mangrove
Xylocarpus obovatus,,3851016,
Xylocarpus spp.,,3190515,
Xylopia papuana,,3157162,
Zea mays,,5290052,Corn
Zingiber spp.,,2756693,Ginger
Zingiber officinale,,2757280,Garden Ginger
Zingiber zerumbet,,2757108,Shampoo Ginger
Zingiberaceae,,4687,Ginger Family
Semele australis,Amphidesma australe,5794215,
Annelida,,42,Annelids
Decapoda,Anomura,637,Ten-footed
Anodonta,,2287924,Floaters
Anthozoa,,4883735,
Asaphis,,2286792,
Asaphis violascens,Asaphis dichotoma,4371830,
Asaphis deflorata,,2286793,
Asteroidea,,214,sea stars
Astropyga,,2279025,
Batissa tenebrosa,Batissa unioniformis,9374672,
Birgus latro,,4311512,Coconut Crab
Bivalvia,,137,Bivalves
Brachyura,,3240265,
Cardiidae,,6858,Cockle
Cardiidae spp.,,6858,Cockle
Cardisoma,,2225831,giant land crabs
Cardisoma carnifex,Cardisoma cardifax,4382787,
Tuerkayana hirtipes,Cardisoma hirtipes,9891005,
Cassis,,2299646,
Cassis spp.,,2299646,
Cassis cornuta,Cassis cornutus,5192350,
Austrovenus stutchburyi,Chione stutchburyi,2287652,
Cephalopoda,,136,cephalopods
Cephalopoda,,136,cephalopods
Charonia tritonis,,5192644,Atlantic Trumpet Triton
Arthropoda,Cirripedia,,
Cnidaria,Coelenterata,43,Cnidarians
Codakia,,2287351,
Coenobitidae,,8033,Land Hermit Crabs
Conidae,,6779,Cone Shell
Conus leopardus,,10019437,
Conus litteratus,,5728295,
Ctena,,8011280,
Ctenophora,,1507726,Comb Jellies
Saccostrea glomerata,Crassostrea commercialis,4595317,
Culcita,,2272943,
Cymatiidae,,3244460,rock whelks
Cypraeidae spp.,,,cowries
Cypraeidae,,,cowries
Cypraea tigris,,4360773,
Diadema,,2279021,
Diogenidae,,3862,Left-Handed Hermit Crabs
Echinodermata,,50,Echinoderms
Echinoidea,,221,sea urchins
Echinometra,,2278860,
Echinothrix,,2279034,
Eunice viridis,Leodis viridis,5782038,Palolo Worm
Gastropoda,,225,Snails
Geloina coaxans,,9575290,
Grapsidae,,8043,Marsh Crabs
Grapsus spp.,,2225817,
Holothuroidea,,222,sea cucumbers
Holothuria atra,,2279167,
Holothuria impatiens,,2279182,
Holothuria pervicax,,4343061,
Hydrozoa,,,
Isognomonidae,,3467,
Isognomon isognomum,,4374556,
Lambis,,3244505,spider conch snails
Lambis sp.,,3244505,spider conch snails
Lambis spp.,,3244505,spider conch snails
Lambis lambis,,4361115,
Lambis scorpius,,4361122,
Lambis truncata,,9549550,
Loligo,,2289182,Loligo Squid
Loripes,,2287388,
Lucina,,2287424,
Lucinidae,,3455,Hatchet Shells
Lucinisca,,2287347,
Lucinoidea,,11247680,
Malleidae,,3466,hammer oysters
Malleus spp.,,2285339,
Pteria sp.,Avicula sp.,2285329,
Chama pacifica,,4372070,
Melampus spp.,,2297438,
Modiola spp.,,3152522,
Muricidae,,2304120,Murex Snail
Murex sp.,,2304422,
Murex spp.,,2304422,
Chicoreus ramosus,Murex ramosus,4365732,
Chicoreus palmarosae,Murex palmarosae,4365662,
Mytilidae,,3476,True Mussels
Mytilus edulis,,8288896,
Decapoda,Natantia,637,Ten-footed
Neritidae,,2658,Nerites
Clithon corona,Neritina brevispina,4954090,
Octopus cyanea,,2289535,Cyane's octopus
Octopus ornatus,,2289653,ornate octopus
Ocypoda,,4646715,
Ophiuroidea,,350,brittlestars
Ostreidae,,6871,Oyster
Ovulidae,,2666,egg cowries
Ovula ovum,,5192699,
Paguridae,,4531,Right-Handed Hermit Crabs
Paphies australis,,2286374,
Palinura,,7742440,
Palinuridae,,4535,furry lobsters
Palinurus,,2221602,
Panulirus penicillatus,Palinurus penicillatus,2221640,
Panulirus versicolor,Palinurus versicolor,2221652,
Parribacus,,2221746,mitten lobsters
Parribacus caledonicus,,2221747,
Pherecardia striata,,2317712,
Physalis,,2928907,Groundcherries
Pinctada spp.,,10938771,
Pinctada margaritifera,,2285337,Pacific pearl-oyster
Pinctada maxima,,4592299,black silver pearl oyster
Pinnidae,,6862,Fan Mussels
Poly chaeta,,8616365,
Polyplacophora,,346,chitons
Porcellanidae,,8673,porcelain crabs
Porifera,Poriphera,4842557,
Portunidae,,4555,Swimming Crab
Psammobiidae,Psammobidae,6846,sunsetclams
Pteriidae,Pteridae,3465,pearl oyster
Scylla serrata,,2225562,giant mud crab
Scyllaridae,,9685,Slipper lobsters
Scyphozoa,,352,jellyfish
Sepia,,2289099,
Sesarma,,2225749,
Sipunculus,,2509344,
Sipunculus sp.,,2509344,
Sipunculus indicus,,5234471,
Spondylidae,,6868,thorny oysters
Stomatopoda,,1373,mantis shrimps
Strombidae,,7064,true conch
Latissistrombus sinuatus,Strombus sinuatus,11527517,
Thalassina,,9375966,
Thoracia,,,
Tridacna sp.,,4372618,
Tridacna spp.,,4372618,
Tridacna gigas,,4372619,Giant Clam
Tridacna maxima,Tridacna elongata,4372625,
Tridacna squamosa,,4372624,
Cardiidae,Tridacninae,6858,Cockle
Trochidae,,2856,top snail
Trochus,,9717476,
Trochus spp.,,9717476,
Rochia nilotica,Trochus niloticus,9746959,
Trochus stellatus,Trochus incrassatus,5797903,
Turbinidae,,6802,turban snails
Turbo argyrostomus,,4358528,
Turbo chrysostomus,Turbo chrysostoma,4358524,
Turbo smithi,Turbo necnivosus,6514825,
Turbo marmoratus,,4358544,
Turbo petholatus,,2293196,cat's-eye shell
Turbo setosus,,4358523,
Vasticardium sp.,,4372416,
Decapoda,Xanthoidea,637,Ten-footed
Accipiter,,9405810,Accipiters
Accipiter albogularis,,2480617,
Accipiter fasciatus,,2480626,
Accipiter haplochrous,,2480622,
Accipiter imitator,,2480618,
Accipiter melanochlamys,,2480634,
Accipiter novaehollandiae,,2480629,
Accipitridae,,2877,"Hawks, Eagles, And Kites"
Aceros plicatus,,5228437,Blyth's hornbill
Aerodramus spodiopygius,,2477248,White-rumped Swiftlet
Aerodramus vanikorensis,,2477185,Uniform Swiftlet
Aerodramus leucophaeus,,2477244,
Aerodramus sawtelli,,2477247,
Agapornis roseicollis,,9770031,
Alcedinidae,,2984,Alcedinid Kingfishers
Alcedo,,2475493,
Alcedo atthis,,2475532,
Amaurornis olivacea,Amaurornis olivaceus,2474738,Philippine Bush-hen
Anas gibberifrons,,2498104,Sunda Teal
Anas platyrhynchos,,9761484,Mallard
Anas poecilorhyncha,,9450106,
Anas superciliosa,,2498084,Pacific Black Duck
Spatula clypeata,Anas clypeata,8332393,
Anatidae,,2986,"Ducks, Geese, And Swans"
Anous,,9630699,Noddys
Anous minutus,,9803471,Black Noddy
Anous stolidus,,9512459,Brown Noddy
Aplonis,,2489019,
Aplonis metallica,,2489042,Metallic Starling
Aplonis tabuensis,,2489023,Polynesian Starling
Apodidae,,2993,Swift
Ardeidae,,3685,"Herons, Egrets, And Bitterns"
Ardea cinerea,,9797180,
Arenaria interpres,,2481776,Ruddy Turnstone
Artamidae,,9276,Woodswallows
Artamus insignis,,5230395,White-backed Woodswallow
Artamus leucorhynchus,,5712408,White-breasted Wood-Swallow
Asio flammeus,,2497295,
Aviceda subcristata,,2480707,Pacific Baza
Botaurus poiciloptilus,,2480912,
Bucerotidae,,9720,Hornbills
Burhinidae,,9697,Stone-curlews
Esacus magnirostris,Burhinus neglectus,2482091,Beach Thick-knee
Butorides striata,Butorides striatus,2480824,
Cacatua galerita,,2479888,Sulphur-crested Cockatoo
Cacatua ophthalmica,,2479881,Blue-eyed Cockatoo
Cacatua ducorpsii,,2479877,
Cacatuidae,,3242992,Cockatoos
Cacomantis,,2496248,
Calidris alba,,2481748,
Caloenas nicobarica,,5231891,Nicobar Pigeon
Campephagidae,,9284,Cuckoo-Shrikes
Casuariidae,,9286,Cassowaries
Casuarius bennetti,,5231784,Dwarf Cassowary
Centropus,,2496524,
Centropus milo,,5231937,
Ceyx,,2475818,
Ceyx lepidus,,5228396,
Chalcites,,3242260,
Chrysococcyx lucidus,Chalcites lucidus,2496325,
Chalcophaps,,2495835,
Chalcophaps stephani,,10854669,
Chalcophaps indica,,2495840,Grey-capped Emerald Dove
Chalcopsitta cardinalis,,2479718,Cardinal Lory
Charadriidae,,2480210,Plovers And Lapwings
Charadrius leschenaultii,,2480297,
Charmosyna,,2479736,
Charmosyna margarethae,,2479769,
Charmosyna palmarum,,2479752,
Circus approximans,,5229172,Swamp Harrier
Clytorhynchus hamlini,,2486632,
Clytorhynchus vitiensis,,2486630,
Collocalia esculenta,,2477292,Glossy Swiftlet
Aerodramus hirundinaceus,Collocalia hirundinacea,2477207,
Aerodramus whiteheadi,Collocalia whiteheadi,2477238,
Columba,,2495404,Old World Pigeons
Columba vitiensis,,9300216,Metallic Pigeon
Columbidae,,5233,Pigeons And Doves
Coraciidae,,9307,Rollers
Coracina,,2482359,Cuckoo-Shrikes
Coracina caledonica,,2486756,South Melanesian Cuckooshrike
Coracina lineata,,2486752,Barred Cuckooshrike
Coracina papuensis,,2486777,
Coracina tenuirostris,,2486768,
Corvidae,,5235,"Crows, Jays, And Magpies"
Corvus moneduloides,,2482475,New Caledonian Crow
Corvus orru,,2482491,Torresian Crow
Coturnix chinensis,,2474128,Blue-breasted Quail
Cuculidae,,9309,Anis
Cyanoramphus novaezelandiae,,5229110,
Cuculus,,2336662,Eurasian Cuckoos
Daphoenositta miranda,,2487488,
Dendrocygna,,2498392,Whistling-Ducks
Dendrocygna spp.,,2498392,Whistling-Ducks
Dendrocygna arcuata,,2498398,
Dicaeum aeneum,,2484717,
Diomedea exulans,,5229302,
Drepanoptila holosericea,,2495724,Cloven-feathered Dove
Ducula,,2495933,Pacific Pigeons
Ducula sp.,,,
Ducula spp.,,,
Ducula aurorae,,2495967,
Ducula bakeri,,2495980,Vanuatu Imperial-pigeon
Ducula brenchleyi,,2495982,
Ducula galeata,,2495987,
Ducula goliath,,2495966,
Ducula latrans,,2495988,
Ducula oceanica,,2495974,
Ducula pacifica,,2495948,Pacific Imperial-pigeon
Ducula pistrinaria,,2496009,
Ducula spilorrhoa,,2496003,
Ducula rubricera,,2495983,
Eclectus roratus,,2480075,Eclectus Parrot
Egretta,,2480872,Typical Egrets
Egretta intermedia,,2480880,
Egretta picata,,6066403,
Egretta sacra,,2480899,
Eos reticulata,,2479484,
Ardea alba,Egretta alba,9752617,
Gymnocrex plumbeiventris,Eulabeornis plumbeiventris,2474681,Bare-eyed Rail
Eurystomus orientalis,,5228280,Oriental Dollarbird
Falco peregrinus,,2481047,Peregrine
Falco severus,,2481060,Oriental Hobby
Falco novaeseelandiae,,2481003,
Falconidae,,5240,Falcons
Foulehaio carunculatus,Foulehaio carunculata,2487206,
Fregata ariel,,2480186,Lesser Frigatebird
Fregata minor,,2480187,Great Frigatebird
Fregatidae,,5241,Frigatebirds
Gallicolumba,,2495214,Island Ground-Doves
Ixobrychus flavicollis,,2480844,
Ixobrychus minutus,,2480850,
Pampusana stairi,Gallicolumba stairi,10891839,
Pampusana beccarii,Gallicolumba beccarii,10674903,
Pampusana sanctaecrucis,Gallicolumba sanctaecrucis,10799245,
Gallinula chloropus,,5228199,Common Moorhen
Gallirallus australis,,2474535,
Gallirallus lafresnayanus,,2474547,New Caledonian Rail
Gallirallus pacificus,Rallus pacificus,2474523,
Gallus gallus,,9326020,Chicken
Geoffroyus heteroclitus,,2479354,Song Parrot
Gygis alba,,2481213,Atlantic White Tern
Gymnophaps,,2495181,
Gymnophaps solomonensis,,2495185,
Halcyon,,2475567,Blue Kingfishers
Todiramphus chloris,Halcyon chloris,2475742,
Halcyon sancta,,5228370,sacred kingfisher
Halcyon saurophaga,,8772741,
Haliaeetus,,2480444,Sea-eagles And Fish-eagles
Haliaeetus leucogaster,,2480455,White-bellied Sea-eagle
Haliaeetus sanfordi,,2480456,
Haliastur,,2480436,
Haliastur indus,,2480437,Brahminy Kite
Haliastur sphenurus,,,Whistling Kite
Hemiphaga novaeseelandiae,,2495905,
Hemiprocne mystacea,,2477444,Moustached Treeswift
Hemiprocnidae,,5247,Treeswifts
Henicopernis infuscatus,Henicopernis infuscata,2480465,
Henicophaps,,2495830,
Heteroscelus incanus,,2481678,Wandering Tattler
Heteralocha acutirostris,,2484498,
Hirundinidae,,5248,Swallows And Martins
Hirundo tahitica,,5230787,Tahiti Swallow
Hydrobatidae,,5249,Northern Storm Petrels
Ixobrychus,,2480843,Small Bitterns
Ixobrychus spp.,,2480843,Small Bitterns
Lalage,,2486798,
Lalage maculosa,,5230455,Polynesian Triller
Lalage sharpei,,5230460,
Laridae,,9316,"Gulls, Terns, And Skimmers"
Chroicocephalus novaehollandiae,Larus novaehollandiae,6065811,
Limosa lapponica,,2481681,Bar-tailed Godwit
Loriculus aurantiifrons,,2479381,Orange-fronted Hanging-parrot
Loriidae,,4851215,lories
Lorius hypoinochrous,,2479431,Purple-bellied Lory
Lorius chlorocercus,,2479430,
Macropygia,,2496136,
Macropygia sp.,,,
Macropygia mackinlayi,,2496144,Spot-breasted Cuckoo-Dove
Macropygia nigrirostris,,2496143,
Megapodiidae,Megapodes,9318,Megapodes
Megapodius spp,,,
Megapodius eremita,,2482143,Melanesian Scrubfowl
Megapodius freycinet,,2482147,
Megapodius layardi,,2482139,Banks Is scrub fowl
Megapodius pritchardii,,2482140,Niuafoou Scrubfowl
Macronectes giganteus,,2481515,
Melidectes whitemanensis,,2486980,Bismarck Honeyeater
Meliphagidae,,9319,Honeyeaters
Vosea whitemanensis,Melidectes whitemanensis,8384528,
Micropsitta,,2479238,pygmy-parrots
Micropsitta bruijnii,,2479251,
Micropsitta finschii,,2479260,
Milvus migrans,,5229167,
Mino dumontii,,2489013,Yellow-faced Myna
Monarcha,,2486700,Monarchs
Monarcha cinerascens,,5230444,
Monarcha castaneiventris,,5230442,
Monarchidae,,5256,Monarchs
Myiagra,,2486633,Broadbills
Myiagra caledonica,,2486643,
Myiagra ferrocyanea,,2486644,
Myiagra oceanica,,2486640,
Myzomela jugularis,,2487238,
Cinnyris jugularis,Nectarinia jugularis,7340578,
Neopsittacus pullicauda,,2480070,
Nesasio solomonensis,,2497892,
Ninox,,2497780,
Ninox jacquinoti,,2497782,Solomons Boobook
Ninox novaeseelandiae,,2497817,
Numenius,,2481781,Curlews
Numenius phaeopus,,2481784,Eurasian Whimbrel
Numenius tahitiensis,,2481790,Bristle-thighed Curlew
Nycticorax,,2480856,Night Heron
Nycticorax caledonicus,,2480857,Nankeen Night Heron
Nycticorax nycticorax,,2480863,
Pachycephala pectoralis,,5959188,Golden Whistler
Pachycephalidae,,3241790,Whistlers & Allies
Pandion,,2480725,Osprey
Pandion haliaetus,,2480726,
Pandionidae,,4408414,Osprey
Petroica australis,,2489323,
Phaethon,,2481360,Tropicbirds
Phaethon lepturus,,2481364,White-tailed Tropicbird
Phaethon rubricauda,,2481361,Red-tailed Tropicbird
Phaethon aethereus,Phaethon aethurus,9743996,
Phaethontidae,,5267,Tropic Birds
Phasianidae,,9331,"Pheasants, Grouse, And Allies"
Phigys solitarius,,2479295,Collared Lory
Philemon cockerelli,,2487067,New Britain Friarbird
Glycifohia undulata,Phylidonyris undulata,2487134,
Glycifohia notabilis,Phylidonyris notabilis,2487136,
Pluvialis fulva,,2480331,Pacific Golden Plover
Podargus papuensis,,2497120,
Podiceps cristatus,,2482054,
Porphyrio porphyrio,,2474416,
Porzana cinerea,,2474612,White-browed Crake
Porzana tabuensis,,2474607,Sooty Rail
Procellariidae,,9339,"Petrels, Shearwaters"
Procellaria parkinsoni,,2481499,
Anous ceruleus,Procelsterna cerulea,9321463,
Prosopeia tabuensis,,2479941,
Pseudobulweria rostrata,,2481506,
Psittacidae,,9340,New World And African Parrots
Eunymphicus cornutus,Psittacus cornutus,2480144,
Puffinus pacificus,,5229344,Wedge-tailed Shearwater
Puffinus lherminieri,,5229361,
Rallidae,,9342,"Rails, Crakes And Coots"
Rallina tricolor,,2474482,Red-necked Crake
Rallus philippensis,,10969953,
Reinwardtoena,,2496029,
Reinwardtoena browni,,2496036,
Reinwardtoena crassirostris,,2496030,
Rhipidura leucophrys,,5231722,Willie Wagtail
Rhipidura cockerelli,,5231754,
Rhipidura fuliginosa,,5231730,
Rhipidura rennelliana,,5231757,
Rhipidura verreauxi,Rhipidura spilodera,5788952,
Rhipiduridae,,5712,Fantails
Scolopacidae,,5282,Sandpipers And Allies
Scythrops,,2496203,
Sterna,,2481227,Tern
Sterna sumatrana,,5229214,Black-naped Tern
Strigidae,,9348,Owls
Sturnidae,,9350,Starling
Sula dactylatra,,2480967,Masked Booby
Sula leucogaster,,2480975,Brown Booby
Sula sula,,2480972,Red-footed Booby
Sulidae,,9351,Boobies And Gannets
Tanysiptera sylvia,,2475639,Buff-breasted Paradise-kingfisher
Thalasseus,,9109074,Crested Terns
Thalasseus bergii,,5789283,
Trichoglossus haematodus,,2479686,Coconut Lorikeet
Trichoglossus rubiginosus,,2479672,
Turdidae,,5290,Thrush
Turdus poliocephalus,,9512424,Island Thrush
Tyto aurantia,,5232405,Golden Masked-owl
Tyto alba,,2497921,
Tytonidae,,5292,Barn Owl
Urodynamis,,7848939,Long-tailed Cuckoos
Urodynamis taitensis,,2496499,Long-tailed Koel
Vini australis,,2480016,
Vini peruviana,,2480018,
Vini kuhlii,,2480015,
Woodfordia superciliosa,,5230807,
Zosteropidae,,9359,White-Eyes
Zosterops meeki,,2489413,Tagula White-eye
Zosterops novaeguineae,,2489409,
Abudefduf,,2398621,Sergeant Majors
Acanthocybium solandri,,2374069,Wahoo
Acanthuridae,,4233,Surgeonfishes
Acanthurus spp.,,2379647,Common Surgeonfishes
Acanthurus,,2379647,Common Surgeonfishes
Acanthurus mata,Acanthurus bleekeri,5209204,
Acanthurus blochii,,5209203,
Acanthurus gahhm,,5209159,
Acanthurus dussumieri,,5209167,
Acanthurus guttatus,,5209152,Whitespotted Surgeonfish
Acanthurus leucosternon,,5209210,
Acanthurus leucopareius,,5209183,
Acanthurus lineatus,,5209244,Lined Surgeonfish
Acanthurus nigrofuscus,,5209227,
Acanthurus nigricauda,,5209160,
Acanthurus pyroferus,,5209154,
Acanthurus triostegus,,5209217,Convict Surgeonfish
Acanthurus xanthopterus,,5209252,Yellowfin Surgeonfish
Adioryx,,2356893,
Aetobatus narinari,,2419231,Spotted Eagle Ray
Albula,,2341074,Bonefishes
Albulidae,,7163,Bananafishes
Alectis indica,,9817213,Indian Threadfish
Aluterus sp.,,2406707,
Aluterus monoceros,,2406708,
Anampses geographicus,Anampses pterophthalmus,2383474,
Anguillidae,,2949,Freshwater Eels
Anguilliformes,,495,Eel
Anguilla reinhardtii,Anguilla reinhardti,5213034,
Apogonidae,,4236,Cardinalfish
Aprion virescens,,2385226,Green Jobfish
Arothron,,2407347,Fat Puffers
Arothron hispidus,,2407378,
Arothron meleagris,,2407418,
Arothron nigropunctatus,,2407394,
Atherinidae,,7172,Old World Silversides
Aulostomidae,,5903,Cornetfishes
Balistes,,2333511,Triggerfishes
Balistoides viridescens,Balistes viridescens,2407133,
Balistoides conspicillum,,2407129,
Balistidae,,5899,Triggerfishes
Belonidae,,7190,Needlefishes
Blenniidae,,4251,blennies
Bodianus bilunulatus,,5209697,
Bolbometopon,,2393442,
Bolbometopon muricatum,,2393443,
Bothidae,,8608,Scaldfishes
Caranx,,2390749,Bigeye Jacks
Caranx ignobilis,,2390805,Giant Trevally
Caranx sexfasciatus,,2390776,
Caranx melampygus,,2390750,
Carangoides orthogrammus,,5210572,
Carangoides ferdau,Caranx ferdau,5210560,
Carcharhinidae,,2211,Requiem Shark
Carcharhinus,,2417963,Gray Sharks
Carcharhinus limbatus,,2417970,
Carcharhinus longimanus,,2418052,
Carcharhinus melanopterus,,2417981,
Carcharhinus plumbeus,,2418009,
Centriscidae,,2222,Snipefishes
Centropomidae,,4256,Snooks
Cephalopholis,,2388808,
Cephalopholis argus,,2388891,Peacock Grouper
Cephalopholis urodeta,,2388937,
Cephalopholis sexmaculata,,2388884,
Chaetodontidae,,8517,Butterflyfishes
Chaetodontidae,,8517,Butterflyfishes
Chanidae,,3708,Milkfishes
Chanos chanos,,2406374,Milkfish
Cheilinus,,2383304,
Cheilinus spp.,,2383304,
Cheilinus undulatus,,2383313,Humphead Wrasse
Cheilinus trilobatus,,2383305,
Cheilinus fasciatus,,2383309,
Choerodon graphicus,Choerodon transversalis,2383002,
Cirrhitidae,,8523,Hawkfishes
Clupeidae,,7332,"Shads, Sardines, And Menhadens"
Congridae,,2951,Conger eels
Coris aygula,,5209766,
Coryphaena hippurus,,2381939,Common Dolphinfish
Coryphaena equiselis,,2381960,
Coryphaenidae,,4262,Dolphinfishes
Ctenochaetus,,2379619,
Ctenochaetus striatus,,2379621,
Ctenochaetus hawaiiensis,,2379643,
Dactylopteridae,,8624,Flying Gurnards
Decapterus macarellus,,2391064,
Dasyatidae,,2195,Stingrays
Diodon,,2406531,Porcupinefishes
Diodon sp.,,2406531,Porcupinefishes
Diodon spp.,,2406531,Porcupinefishes
Diodon liturosus,,5213358,
Diodon hystrix,,5213374,
Diodon holocanthus,,5213361,
Diodontidae,,5898,Burrfishes
Echeneididae,,4284818,
Echeneis naucrates,,2375300,Live Sharksucker
Echidna nebulosa,,5213106,
Elagatis bipinnulata,,5210446,
Eleotridae,,4268,Sleepers
Eleotris fusca,,2386106,
Elopidae,,3698,Bigeyed Herrings
Engraulidae,,7334,Anchovies
Ephippidae,,4271,Spadefishes
Epinephelus,,2335319,Groupers
Epinephelus areolatus,,2388152,
Epinephelus quoyanus,,2388148,
Epinephelus lanceolatus,Oligorus gigas,2388587,Giant Grouper
Epinephelus polyphekadion,Epinephelus microdon,2388423,
Epinephelus cyanopodus,Epinephelus hoedti,2388288,
Epinephelus merra,,2388193,
Epinephelus tuamotuensis,,2388585,
Euthynnus affinis,Euthynnus yaito,5208561,
Exocoetidae,,2968,flyingfishes
Exocoetus volitans,,2368648,
Fistularia,,9720698,
Fistularia sp.,,9720698,
Fistularia commersonii,,5200938,
Fistulariidae,,5902,Cornetfishes
Flammeo,,2356958,
Galaxias,,2410478,
Galeocerdo cuvier,,2418234,
Gempylidae,,4272,Snake mackerels
Gerreidae,,4273,Mojarras
Gerres,,2369369,Yellowfin Mojarras
Gnathodentex spp.,,2374956,
Gnathanodon speciosus,,2391331,
Gobiidae,,4274,Gobies
Grammatorcynus bicarinatus,,5208590,
Gymnosarda unicolor,,2374086,
Gymnothorax,,2403463,Common Morays
Gymnothorax sp.,,,
Gymnothorax cribroris,,2403953,
Haemulidae,,12142559,
Hemiramphidae,,7191,Halfbeaks
Hemiramphus,,2368949,
Hyporhamphus intermedius,Hemiramphus intermedius,2368887,
Hemiramphus lutkei,,2368955,
Hemiramphus far,Hemiramphus commersoni,2368968,
Hyporhamphus quoyi,Hemirhamphus quoyi,2368906,
Herklotsichthys quadrimaculatus,,2413096,
Hippocampus,,8156547,Seahorse
Hipposcarus longiceps,,2393846,Pacific Longnose Parrotfish
Hipposcarus harid,,2393848,
Holocentridae,,7195,Soldierfishes
Holocentrus,,3241028,Soldierfishes
Hyperlophus vittatus,,2413176,
Istiophoridae,,9670,Billfishes
Istiophorus platypterus,,5211984,Indo-Pacific Sailfish
Katsuwonus pelamis,,2374191,Arctic bonito
Kuhliidae,,7008,Aholeholes
Kyphosidae,,4279,Pilotfishes
Kyphosus,,2381286,Rudderfishes
Kyphosus sp.,,2381286,Rudderfishes
Kyphosus cinerascens,,2381309,
Kyphosus vaigiensis,,2381337,
Labridae,,8535,Wrasse
Labridae,,8535,Wrasse
Latidae,,4281,lates perches
Leiognathidae,,4283,Ponyfishes
Lethrinidae,,8540,Porgies
Lethrinus,,2374822,Porgies
Lethrinus sp.,,2374822,Porgies
Lethrinus spp.,,2374822,Porgies
Lethrinus microdon,Lethrinus elongatus,2374870,
Lethrinus erythracanthus,Lethrinus kallopterus,2374914,
Lethrinus genivittatus,Lethrinus nematacanthus,2374864,
Lethrinus harak,,2374898,
Lethrinus mahsena,,2374845,
Lethrinus miniatus,Lethrinella miniatus,2374857,
Lethrinus nebulosus,,2374885,
Lethrinus obsoletus,Lethrinus ramak,2374840,
Lethrinus olivaceus,,2374850,
Lethrinus variegatus,,2374876,
Lethrinus xanthochilus,Lethrinus xanthocheilus,2374879,
Lutjanidae,,8542,Fusiliers
Aphareus sp.,,2381932,
Aphareus furca,,5209911,
Lutjanus spp.,,,
Lutjanus adetii,,2384799,
Lutjanus bohar,,2384758,
Lutjanus fulviflamma,,2384777,
Lutjanus fulvus,,2385096,
Lutjanus gibbus,,2385035,
Lutjanus kasmira,,2385129,Common Bluestripe Snapper
Lutjanus monostigma,,2385027,One-spot Snapper
Lutjanus ehrenbergii,Lutjanus ehrenbergi,2385008,
Lutjanus rivulatus,,2384813,
Lutjanus rufolineatus,,2384863,
Lutjanus sanguineus,,2384831,
Lutjanus sebae,,2384899,
Makaira sp.,,2397866,
Makaira spp.,,2397866,
Makaira mazara,,2397867,
Istiompax indica,Makaira indicus,4285896,
Mobula birostris,Manta birostris,9548142,
Megalopidae,,7661,tarpons
Megalops cyprinoides,,5203127,
Mobulidae,,4288040,Devil Rays
Monacanthidae,,5896,Filefishes
Monacanthidae,,5896,Filefishes
Monodactylidae,,4286,Fingerfishes
Monotaxis grandoculis,,5208715,Humpnose Big-eye Bream
Mugilidae,,8473,Grey Mullets
Odonus niger,,2407210,
Osteomugil cunnesius,Valamugil cunnesius,9446723,
Crenimugil seheli,Valamugil seheli,9483055,
Planiliza macrolepis,Chelon macrolepis,9250702,
Crenimugil crenilabis,,2401010,
Ellochelon vaigiensis,Liza vaigiensis,2400831,
Mugil cephalus,,8189568,
Mugiloididae,,4284344,
Mulloides,,6786847,
Parupeneus forsskali,Mulloides auriflamma,2396749,
Mulloidichthys flavolineatus,,2396835,
Mulloidichthys vanicolensis,,2396852,
Muraenesocidae,,2952,False Conger Eels
Muraenidae,,2953,moray eels
Myliobatidae,,2193,Eagle Ray
Myrichthys colubrinus,,2404489,
Myripristis,,2356983,
Myripristis adusta,,2357018,
Myripristis berndti,,2357002,
Myripristis murdjan,,2356993,
Myripristis violacea,,2357028,
Naso,,2379541,Nosefishes
Naso brevirostris,,9760005,Palefin Unicornfish
Naso unicornis,,5209124,Bluespine Unicornfish
Naso tuberosus,,5209115,
Naso lituratus,,5209096,
Nemipteridae,,4288,False Snappers
Nemipterus,,2379945,Besugos
Neomyxus leuciscus,Neomyxus chaptalii,2400695,
Novaculichthys,,2383279,
Ophichthidae,,9699861,
Ostraciidae,,2220,Boxfishes
Ostracion,,2407938,Trunkfishes
Ostracion spp.,,2407938,Trunkfishes
Ostracion meleagris,,8262148,
Oxycheilinus digramma,,2384370,
Paralichthyidae,,5082,Lefteye Flounders
Parapercidae,,4284918,
Parupeneus,,2396603,
Parupeneus spp.,,2396603,
Parupeneus jansenii,,2396675,
Parupeneus trifasciatus,Parupeneus bifasciatus,2396624,
Parupeneus porphyreus,,2396693,
Pempheridae,,8573,Sweepers
Pempheris,,2374368,
Phtheirichthys lineatus,,2375258,
Pinguipedidae,,8589,Sandperches
Platacidae,,9408631,
Platax,,2370014,
Platax teira,,2394312,
Platax pinnatus,,2394307,
Platycephalidae,,5101,Flatheads
Platybelone argalus,Belone platyura,4286140,
Plectorhinchus,,2382617,Sweetlips
Plectorhinchus spp.,,2382617,Sweetlips
Plectorhinchus chaetodonoides,,2382701,
Plectorhinchus flavomaculatus,,2382732,
Haemulidae,Plectorhinchinae,12142559,
Plectropomus,,8252335,
Plectropomus leopardus,,5210114,
Plectropomus maculatus,,5210118,
Pleuronectidae,,8611,Dabs
Plotosidae,,5164,Eeltail Catfishes
Plotosus,,2341900,
Plotosus anguillaris,,2341909,striped sea catfish
Plotosus lineatus,,7965247,Striped Eel Catfish
Polynemidae,,8592,Threadfins
Polydactylus plebeius,,2393274,
Polydactylus sexfilis,,2393295,
Pomacanthidae,,4498,Angelfishes
Pomacentridae,,4499,Damselfishes
Pomadasyidae,,4284576,grunts
Priacanthidae,,8593,Bigeyes
Promethichthys prometheus,,2397743,
Psenes arafurensis,,2381882,
Pseudobalistes fuscus,,2407175,Yellowspotted Triggerfish
Pseudobalistes flavimarginatus,,2407181,
Remora remora,,2375267,Common Remora
Ruvettus pretiosus,,2397731,
Sardinella,,2387162,Sardinella
Sardinella fijiense,,2412801,
Sardinella marquesensis,,2412826,
Sardinella melanura,,2412833,
Sargocentron,,2356717,
Sargocentron spp.,,2356717,
Sargocentron spiniferum,Holocentrus spinifer,2356873,Sabre Squirrelfish
Sargocentron rubrum,Sargocentron ruber,2356802,
Sargocentron violaceum,,2356744,
Saurida,,2401132,
Scaridae,,6075942,
Scarus,,2371535,Parrotfishes
Chlorurus sordidus,Scarus sordidus,5211134,
Scarus altipinnis,Scarus brevifilis,2393750,
Scarus prasiognathos,Scarus chlorodon,2393756,
Scarus flavipectoralis,,2393629,
Scarus frenatus,,2393569,
Scolopsis spp.,,2369316,
Chlorurus spp.,,2393457,
Chlorurus frontalis,Scarus frontalis,5211120,
Chlorurus strongylocephalus,,5211133,
Scarus ghobban,,2393577,
Chlorurus gibbus,Scarus gibbus,5211129,
Chlorurus microrhinos,Scarus microrhinos,5211130,
Scomberoides,,2390854,Leatherjackets
Scomber australasicus,,2374156,
Scomberoides lysan,,2390871,Doublespotted Queenfish
Scomberomorus,,2374232,Spanish Mackerels
Scomberomorus commerson,,2374255,Narrow-barred Spanish Mackerel
Scomberomorus niphonius,,2374296,
Scombridae,,8596,Tunas And Mackerels
Selar crumenophthalmus,Trachurops crumenophthalmus,2391007,Bigeye Scad
Selaroides leptolepis,,2391226,
Serranidae,,8597,Groupers
Siganidae,,5066,Rabbitfishes
Siganus,,2390168,Rabbitfishes
Siganus argenteus,Siganus rostratus,2390180,Forktail Rabbitfish
Siganus canaliculatus,,2390233,
Siganus corallinus,,2390296,
Siganus fuscescens,,2390191,
Siganus guttatus,,2390286,
Siganus javus,,2390192,
Siganus lineatus,,2390288,
Siganus puellus,,2390277,
Siganus punctatus,Siganus chrysospilos,2390198,Gold-spotted Rabbitfish
Siganus spinus,,2390216,Scribbled Rabbitfish
Siganus doliatus,,2390315,
Siganus stellatus,,2390297,
Siganus vermiculatus,,2390251,
Soleidae,,8612,Soles
Sphyraena,,2369201,Barracuda
Sphyraena spp.,,2369201,Barracuda
Sphyraena barracuda,Agrioposphyraena barracuda,9784990,
Sphyraena barracuda,Sphyraena picuda,9784990,
Sphyraena forsteri,,2394213,
Sphyraena jello,,2394208,
Sphyraena qenie,Sphyraena genie,2394210,
Sphyraena chrysotaenia,Sphyraenella chrysotaenia,2394252,
Sphyraena putnamae,Sphyraena bleekeri,2394217,
Sphyrnidae,,2207,bonnethead sharks
Spratelloides delicatulus,,2412987,
Stethojulis bandanensis,,2383402,
Synanceia,,5201173,
Synanceia spp.,,5201173,
Synanceia verrucosa,,5201174,
Synanceia horrida,Synanceia trachynis,5201175,
Synanceiidae,,4510,stonefishes
Synodontidae,,2967,Bombay Ducks
Terapon jarbua,,2374521,Tiger Perch
Teraponidae,,4284572,tigerfishes
Kajikia audax,Tetrapturus audax,2397938,
Tetraodontidae,,2219,Pufferfishes
Thryssa baelama,Thrissina baelama,2414136,
Thunnus albacares,,2374013,Yellowfin Tuna
Trachinotus botla,Trachinotus russelli,5210646,
Ulua mentalis,Ulua mandibularis,2391203,
Valamugil cunnesius,,2400955,longarm mullet
Xiphiidae,,8604,Swordfish and billfishes
Xiphias gladius,,2397850,
Zanclidae,,5077,Moorish Idols
Zanclus canescens,,2374665,
Zanclus cornutus,,2374663,
Zebrasoma veliferum,,2379877,Sailfin Tang
Anoplura,,5430023,
Hymenoptera,Apoidea,1457,"Ants, Bees, Wasps, And Sawflies"
Araneae,,1496,Spider
Bibionidae,,7281,March Fly
Blattodea,,,
Ceratopogonidae,,3340,Biting Midge
Chilopoda,,360,Centiped
Chironomidae,,3343,Midges
Coleoptera,,10313671,
Culicidae,,3346,Mosquito
Diplopoda,,361,millipedes
Diptera,,3230674,
Drosophilidae,,5547,Vinegar And Fruit Flies
Formicidae,,8674597,
Hemiptera,,809,Bugs
Hirudinea,,,
Ichneumonidae,,3512,Ichneumonid Wasps
Isoptera,,11374070,
Lampyridae,,4737,Firefly Beetles
Coleoptera,,10313671,
Lepidoptera,,797,Butterflies & Moths
Mantodea,,788,Mantis
Pediculidae,,7930,
Phasmida,Phasmatodea,1460,Leaf Insects
Psychodidae,,9164,Moth Flies And Sand Flies
Scorpiones,,872,scorpion
Simuliidae,,3522,Black Fly
Sphecidae,,4352,Thread-waisted Wasps
Tabanidae,,6919,Horse And Deer Flies
Tephritidae,,3520,Fruit Flies
Vespidae,,4490,"Hornets, Paper Wasps, Potter Wasps, And Allies"
Acanthophis antarcticus,,2449648,
Acrobatidae,,5456,FEATHER-TAILED GLIDERS AND FEATHER-TAILED POSSUM
Brachylophus vitiensis,,5224624,
Burramyidae,,9371,PYGMY POSSUMS
Canidae,,9701,Canid
Canis,,5219142,"Wolves, Jackals, And Allies"
Caretta caretta,,8894817,Loggerhead
Chelonia mydas,,2442225,Green Turtle
Chelonidae,,4287910,
Crocodylidae,,5685,Crocodiles
Crocodylus novaeguineae,,2441326,New Guinea Crocodile
Crocodylus porosus,,2441333,Saltwater Crocodile
Dasyuridae,,5452,CARNIVOROUS MARSUPIALS
Dasyuridae,,5452,CARNIVOROUS MARSUPIALS
Delphinidae,,5314,Dolphin
Dendrolagus,,2440205,Huon Tree Kangaroo
Dendrolagus dorianus,,2440213,Doria's Tree Kangaroo
Dendrolagus goodfellowi,,2440222,Goodfellow's Tree Kangaroo
Dendrolagus inustus,,2440217,Grizzled Tree Kangaroo
Dendrolagus matschiei,,2440206,Huon Tree Kangaroo
Dendrolagus pulcherrimus,,2440220,Golden-mantled Tree Kangaroo
Dendrolagus scottae,,2440207,Tenkile
Dermochelys coriacea,,9789983,Leatherback Sea Turtle
Dobsonia moluccensis,,2432822,Moluccan Naked-backed Fruit Bat
Dorcopsis,,2440137,New Guinea forest wallaby
Dorcopsulus,,2440202,
Dugong dugon,,9729967,Dugong
Dugongidae,,9462,DUGONG
Echymipera,,2435316,New Guinean spiny bandicoot
Elapidae,,9455,Cobras
Emoia cyanura,,2463387,
Emoia sanfordi,,2463481,
Eretmochelys imbricata,,8841716,Hawksbill
Gekkonidae,,5666,Geckos
Hemidactylus frenatus,,9537238,
Iguanidae,,6935,American Arboreal Lizards
Laticauda semifasciata,,5222129,
Macropodidae,,9372,KANGAROOS AND WALLABIES
Macropus agilis,,5219975,Agile Wallaby
Microperoryctes,,2435338,New Guinean mouse bandicoot
Muridae,,5510,Old World Mice And Rats
Mus musculus,,7429082,House Mouse
Oxyuranus scutellatus,,9043837,
Peroryctidae,,4288025,
Petaurus breviceps,,2440043,Sugar Glider
Phalanger orientalis,,2440259,Northern Common Cuscus
Phalangeridae,,5459,BRUSH-TAILED
Phascogale,,2435447,brush-tailed marsupial 'mice'
Pseudocheiridae,,9374,RING-TAILED POSSUMS AND GREATER GLIDERS
Pseudechis papuanus,,2449552,
Pteropodidae,,9367,Flying Foxes
Pteropus,,2432854,Flying Foxes
Ptilinopus spp.,,2495499,
Ptilinopus luteovirens,,2495516,
Ptilinopus tannensis,,2495579,
Ptilinopus dupetithouarsii,Ptilinopus dupetithouarsi,2495583,White-capped Fruit Dove
Ptilinopus perousii,,2495510,
Ptilinopus purpuratus,,2495517,
Ptilinopus porphyraceus,,2495604,
Ptilinopus rarotongensis,,2495651,
Ptilinopus insolitus,,2495626,
Ptilinopus solomonensis,,9495719,
Ptilinopus greyi,Ptilinopus greyii,2495589,
Ptilinopus victor,,2495548,
Ptilinopus viridis,,2495529,
Cornufer guppyi,Rana guppyi,2421520,
Rattus exulans,,2439244,Polynesian Rat
Rattus norvegicus,,2439261,Brown Rat
Rattus praetor,,2439229,Large Spiny Rat
Rattus rattus,,2439270,Black Rat
Rattus tanezumi,,2439262,Oriental House Rat
Scincidae,,9115,Skink
Serpentes,,11205692,snake
Spilocuscus maculatus,,9818309,Common Spotted Cuscus
Suidae,,5302,Swines
Sus,,2441213,Boars And Warty Pigs
Sus scrofa,,7705930,Feral Pig
Tachyglossidae,,5941,ECHIDNAS
Tachyglossus,,2433377,short-nosed echidna
Tiliqua gigas,,2462515,
Thylogale,,2440159,pademelon
Thylogale browni,,2440169,New Guinea Pademelon
Varanidae,,5023,Monitor Lizards
Varanus indicus,,2470752,Mangrove Monitor
Zaglossus,,2433384,Barton's Long-beaked Echidna
