Form,Gloss,Pages,Protolanguage,Abbr
?*ba(f))ka(q),"'outrigger canoe, dugout canoe'",179,Proto Austronesian,PAn
*bubu,'conical bamboo basket trap for fish',219,Proto Austronesian,PAn
*buCbuC,"'pull up (weeds +), pluck (feathers +)'","25, 136, 168, 277",Proto Austronesian,PAn
*buNuq,"'throw at, hit with a projectile'",268,Proto Austronesian,PAn
*busuR,'hunting bow',225,Proto Austronesian,PAn
*Capa (V),'smoke fish or meat for preservation',158,Proto Austronesian,PAn
*CuNuh,'roast food over a fire',"151, 293",Proto Austronesian,PAn
*CuSuR,'string together (beads +)',"105, 264",Proto Austronesian,PAn
*da(n)daf),'heat s.t. or warm oneself by fire',"153, 294",Proto Austronesian,PAn
*deles,'bowstring',226,Proto Austronesian,PAn
*kali,'dig',123,Proto Austronesian,PAn
*karut,"'scrape, rasp'",237,Proto Austronesian,PAn
*keskes,"'scratch, scrape'",241,Proto Austronesian,PAn
*kulit (N),"'skin'; (V) 'peel, remove skin of s.t.'","165, 255",Proto Austronesian,PAn
*kuluR,"'breadfruit, Artocarpus'",96,Proto Austronesian,PAn
*laSud,"'sea, ocean",207,Proto Austronesian,PAn
*ma-qataq,"'raw, unripe'",155,Proto Austronesian,PAn
"*nasuk, *Nasu",'cook by boiling',152,Proto Austronesian,PAn
*pa,"'go, towards'",207,Proto Austronesian,PAn
*peRes,'squeeze out',"169, 283",Proto Austronesian,PAn
*qabu,"'ash, cinder, powder'",147,Proto Austronesian,PAn
"*qa(l,R)ad","'fence, palisade'","61, 125",Proto Austronesian,PAn
*qamataq,"'raw, uncooked'",156,Proto Austronesian,PAn
*qasin,'salty',159,Proto Austronesian,PAn
*qataq,'eat s.t. raw',156,Proto Austronesian,PAn
*qauR,'bamboo sp.',108,Proto Austronesian,PAn
*quCaN,"'fallow land?', 'scrubland, bush'","64, 118",Proto Austronesian,PAn
*qumah,'swidden; work a swidden',117,Proto Austronesian,PAn
*Rumaq,'dwelling house',48,Proto Austronesian,PAn
*sel}Sef),"'cork, stopper, plug'",76,Proto Austronesian,PAn
*suliq,"'tendril, sucker'",129,Proto Austronesian,PAn
*SadiRi,"'house post, pillar'",55,Proto Austronesian,PAn
*Sapuy,'fire',143,Proto Austronesian,PAn
*Sasaq,"'whet, sharpen'","94, 165, 236",Proto Austronesian,PAn
?*tazim,'sharpen',255,Proto Austronesian,PAn
*tebaS,"'cut, clear vegetation'",120,Proto Austronesian,PAn
*tektek,'hack off',"25, 250, 268",Proto Austronesian,PAn
*testes,"'tear, tear up'",258,Proto Austronesian,PAn
*tuqtuq,"'hammer, pound, crush'","25, 98, 270",Proto Austronesian,PAn
*aluten,"'firebrand, unconsumed wood in a fire; charred wood'",146,Proto Malayo-Polynesian,PMP
*anam,"'plait (mats, baskets +)'",82,Proto Malayo-Polynesian,PMP
*aIJsu,'scoop or bail out',"75, 201",Proto Malayo-Polynesian,PMP
*babaw,'weed (a garden +)',122,Proto Malayo-Polynesian,PMP
*bakbak,"'peel off, of skin; remove bark of tree'",258,Proto Malayo-Polynesian,PMP
"*ba(l,r,R)a","'pen, enclosure for domestic animals'",60,Proto Malayo-Polynesian,PMP
*balaIJa,'shallow earthenware cooking pot or pan',70,Proto Malayo-Polynesian,PMP
*balay,"'house or building, probably with open sides'","48, 49, 205",Proto Malayo-Polynesian,PMP
*banua,"'inhabited territory, where a community's gardens, houses etc. are'",62,Proto Malayo-Polynesian,PMP
*baqeRuh,'new' 1 9-2,20,Proto Malayo-Polynesian,PMP
*batuR,"'plait, weave (mats, baskets +)'",81,Proto Malayo-Polynesian,PMP
*baIJaq,"'pot, cooking vessel'",70,Proto Malayo-Polynesian,PMP
*baIJi,'bait',219,Proto Malayo-Polynesian,PMP
*baIJkaw,'barbless spear',223,Proto Malayo-Polynesian,PMP
*belaq,'split (s.t.); part of something split',260,Proto Malayo-Polynesian,PMP
*beIJkaq,'split in two',275,Proto Malayo-Polynesian,PMP
"*be(R)(c,s)ay (N)",'(canoe) paddle'; (V) 'paddle',198,Proto Malayo-Polynesian,PMP
*beRek,'pig',20,Proto Malayo-Polynesian,PMP
*beRIJi,'night',17,Proto Malayo-Polynesian,PMP
*beTak,"'split, cleave'","167, 260",Proto Malayo-Polynesian,PMP
*biluk,"'tack, sail to windward'?",207,Proto Malayo-Polynesian,PMP
*biseqak,'split',261,Proto Malayo-Polynesian,PMP
*bitak,"'break, split'",275,Proto Malayo-Polynesian,PMP
*bubuIJ,"'ridgepole, ridge of the roof'",53,Proto Malayo-Polynesian,PMP
*buku,'node (as in bamboo or sugarcane); joint; knuckle; knot in wood or rope',85,Proto Malayo-Polynesian,PMP
*buliq,'cowrie shell',215,Proto Malayo-Polynesian,PMP
"*(b,p)ulit","'caulk, fill up a hole or crack with viscous material'",229,Proto Malayo-Polynesian,PMP
*bulu,'wash',243,Proto Malayo-Polynesian,PMP
*bunuq,"'throw at, hit, strike with a sharp object; kill; extinguish (a fire)'",268,Proto Malayo-Polynesian,PMP
*bu(IJ)kas,"'expose, unveil'",150,Proto Malayo-Polynesian,PMP
*buTuk,"'knock, pound, beat'",271,Proto Malayo-Polynesian,PMP
"*(c,s)a(R)man",'outrigger float',"181, 191",Proto Malayo-Polynesian,PMP
"*(c,s)uk(c,s)uk",'skewer',"25, 86, 152, 263",Proto Malayo-Polynesian,PMP
*dakit (N),'raft'; (V) 'join along the length',184,Proto Malayo-Polynesian,PMP
*dalikan,'trivet',147,Proto Malayo-Polynesian,PMP
*damaR,"'resin, torch, light'",221,Proto Malayo-Polynesian,PMP
*dapuR,"'hearth, fireplace'","59, 147",Proto Malayo-Polynesian,PMP
*daSun,'leaf',54,Proto Malayo-Polynesian,PMP
*daya,"'landwards, towards the interior (from the sea or coast)'",207,Proto Malayo-Polynesian,PMP
*deIJeR,'hear',29,Proto Malayo-Polynesian,PMP
*gapgap,'stammer',"17, 20",Proto Malayo-Polynesian,PMP
*gasgas,'scratch',"162, 240",Proto Malayo-Polynesian,PMP
*gatgat,'chew up',259,Proto Malayo-Polynesian,PMP
*gemgem,'make a fist',"20, 285",Proto Malayo-Polynesian,PMP
*hapen,'fishing line',216,Proto Malayo-Polynesian,PMP
*hasek,"'dibble, plant seeds with a dibble stick'",132,Proto Malayo-Polynesian,PMP
*ike,'tapa-beating mallet',97,Proto Malayo-Polynesian,PMP
*kabut,'mist',20,Proto Malayo-Polynesian,PMP
*kamaliR,'men's house',"14, 17, 48, 50",Proto Malayo-Polynesian,PMP
*kambuR,"'sprinkle, scatter (seed +)'",133,Proto Malayo-Polynesian,PMP
*ka(n)tuIJ,"'basket, pocket in clothing'",77,Proto Malayo-Polynesian,PMP
*ka(IJ)bu(q),"'ladle, dipper'",74,Proto Malayo-Polynesian,PMP
*kapat,"'cotton, thread'",85,Proto Malayo-Polynesian,PMP
*kapit,'fasten thatch with battens or slats',55,Proto Malayo-Polynesian,PMP
*kaput,"'close, cover'",154,Proto Malayo-Polynesian,PMP
*karis,'scratch mark',"163, 239",Proto Malayo-Polynesian,PMP
*kasaw,'rafter',"55, 193",Proto Malayo-Polynesian,PMP
*katiR,'(small) outrigger canoe or canoe hull '?,180,Proto Malayo-Polynesian,PMP
*kawil,"'hook, fish hook'","136, 216, 281",Proto Malayo-Polynesian,PMP
*kelelJ (db!. *gele,'1) 'cut into pieces',254,Proto Malayo-Polynesian,PMP
*kemes,"'take in the hand, clasp, grasp'",285,Proto Malayo-Polynesian,PMP
*kinit,"'pinch, nip, pluck'",280,Proto Malayo-Polynesian,PMP
*kiRam,'axe or adze',"88, 187",Proto Malayo-Polynesian,PMP
*kirkir (V ),"'file, rasp'","95, 236",Proto Malayo-Polynesian,PMP
*kuDen,'clay cooking pot',"20, 68",Proto Malayo-Polynesian,PMP
*kuDkuD,"'rasp, file'",161,Proto Malayo-Polynesian,PMP
"*lawa(n,q)",'k.o. fishnet',212,Proto Malayo-Polynesian,PMP
*layaR (N),'sail',194,Proto Malayo-Polynesian,PMP
*laIJen,"'rollers, skids or blocks to move or raise a boat'",203,Proto Malayo-Polynesian,PMP
"*le(c,s)it","'squeeze out, squirt out'","170, 284",Proto Malayo-Polynesian,PMP
*leku?,"'bend, fold, folding part of the body'",290,Proto Malayo-Polynesian,PMP
*lepak,"'break, crack off'",280,Proto Malayo-Polynesian,PMP
*lepaw,'granary',48,Proto Malayo-Polynesian,PMP
*liaIJ,"'hole, pit, cave'",60,Proto Malayo-Polynesian,PMP
*limas,'bailer',201,Proto Malayo-Polynesian,PMP
"*lujan, *ujan (V)","'load (a vessel)'; (N) 'load, cargo'",198,Proto Malayo-Polynesian,PMP
*lumuk,"'(hair, skin) oily'",100,Proto Malayo-Polynesian,PMP
*(ma-)qesak,"'ripe, cooked, ready to eat'",157,Proto Malayo-Polynesian,PMP
*mekmek,'broken to bits',275,Proto Malayo-Polynesian,PMP
*mesmes,'squeeze',284,Proto Malayo-Polynesian,PMP
*nunuk,"'banyan, Ficus spp.)'",96,Proto Malayo-Polynesian,PMP
*pa[kaJ-qasu (V),"'smoke, fumigate'",158,Proto Malayo-Polynesian,PMP
"*pak(o,u)",'nail',59,Proto Malayo-Polynesian,PMP
*pakpak,"'clap, slap, beat the wings'","25, 272",Proto Malayo-Polynesian,PMP
"*pa(l,R)a","'shelf, rack'",58,Proto Malayo-Polynesian,PMP
*pa-laSud,'go down to the sea or coast',206,Proto Malayo-Polynesian,PMP
*palu,'beat',171,Proto Malayo-Polynesian,PMP
"*pa-luja (N,V)",'paddle',199,Proto Malayo-Polynesian,PMP
*panaq,'shoot',225,Proto Malayo-Polynesian,PMP
*panas,"'hot, warm'",19,Proto Malayo-Polynesian,PMP
*pa(n)tar,'shelf; bed-frame of wooden or bamboo laths',57,Proto Malayo-Polynesian,PMP
*papan,"'plank (of boat +), strake'","58, 185",Proto Malayo-Polynesian,PMP
*paRada,'axe-adze handle',90,Proto Malayo-Polynesian,PMP
*peka,"'separate, disconnect'",251,Proto Malayo-Polynesian,PMP
*pe(R)cit,"'squeeze, squirt out'",283,Proto Malayo-Polynesian,PMP
*pesak,'break into several large pieces; hatch',274,Proto Malayo-Polynesian,PMP
*pespes,"'squeeze, press out'","25, 170, 282",Proto Malayo-Polynesian,PMP
"*piri(c,t)","'twist, plait'","84, 286",Proto Malayo-Polynesian,PMP
*pisaw,'(bamboo) knife',91,Proto Malayo-Polynesian,PMP
*pitpit,"'clamp, jam, pinch'","169, 282",Proto Malayo-Polynesian,PMP
*puket (N),"'dragnet'; (V) 'surround, engulf'",212,Proto Malayo-Polynesian,PMP
*punay,'wild pigeon',19,Proto Malayo-Polynesian,PMP
*qapit,'pinch or squeeze between two surfaces',148,Proto Malayo-Polynesian,PMP
*qasu (N ),"'smoke, fumes, steam'); (V) '(fire) smoke'",158,Proto Malayo-Polynesian,PMP
*qatep,'thatch of sago palm leaves',54,Proto Malayo-Polynesian,PMP
*qiris,"'cut, slice'",253,Proto Malayo-Polynesian,PMP
*quli,"'knead, mix together'",171,Proto Malayo-Polynesian,PMP
"*quli(n,1)) (N)",'steering oar'; (V) 'steer',197,Proto Malayo-Polynesian,PMP
*qulun,'rest the head on',112,Proto Malayo-Polynesian,PMP
*qulun-an,'place where one rests the head: wooden headrest ',112,Proto Malayo-Polynesian,PMP
*qunap,'scales',"166, 217",Proto Malayo-Polynesian,PMP
*ra(m)bek,"'strike, break'",276,Proto Malayo-Polynesian,PMP
*ra(m)buk,"'knock, pound, beat'",269,Proto Malayo-Polynesian,PMP
*Rambia,'sago palm',54,Proto Malayo-Polynesian,PMP
*Risi[qJ,"'tear, split, cut'",257,Proto Malayo-Polynesian,PMP
*Rumaq,"'lineage, descent group'",49,Proto Malayo-Polynesian,PMP
*Runut,'plant fibres',168,Proto Malayo-Polynesian,PMP
"*saet (N, V)",'spear',222,Proto Malayo-Polynesian,PMP
*sakay,"'embark, be aboard, ride (on a vessel +)'",205,Proto Malayo-Polynesian,PMP
*sa(m)puk,"'collide, bump into","28, 273",Proto Malayo-Polynesian,PMP
*saRu,'comb',105,Proto Malayo-Polynesian,PMP
"*sasa(h,q)",'cut or collect palm leaves for roofing',55,Proto Malayo-Polynesian,PMP
?*sauq (N),'anchor'; (V) 'be anchored',203,Proto Malayo-Polynesian,PMP
"*sawa(1),q)","'opening used by boats to pass through, safe passage or anchorage'",204,Proto Malayo-Polynesian,PMP
*seIJkar,"'cross-seat in boat, thwart'","56, 187",Proto Malayo-Polynesian,PMP
*suat,'k.o. comb',106,Proto Malayo-Polynesian,PMP
*suja,'bamboo trail or pitfall spike',228,Proto Malayo-Polynesian,PMP
*tabas,"'chop down, cut away'",251,Proto Malayo-Polynesian,PMP
*talun,'fallow land',118,Proto Malayo-Polynesian,PMP
*tambuRi(q),'conch shell trumpet ',106,Proto Malayo-Polynesian,PMP
*taneq,"'earth, land'",119,Proto Malayo-Polynesian,PMP
*ta(IJ)kub,'adze',90,Proto Malayo-Polynesian,PMP
*tapik,"'slap, pat lightly'",71,Proto Malayo-Polynesian,PMP
"*(t,T)aRaq","'hew, plane'","90, 245",Proto Malayo-Polynesian,PMP
*tata,'empty water from something',202,Proto Malayo-Polynesian,PMP
*teken,"'pole, staff'",200,Proto Malayo-Polynesian,PMP
*titey (also *teytey),'foot-bridge',58,Proto Malayo-Polynesian,PMP
*tuba,'Derris fish poison',220,Proto Malayo-Polynesian,PMP
*tub-an,"'lid, cover'",71,Proto Malayo-Polynesian,PMP
*tub-tub,"'close, cover'",71,Proto Malayo-Polynesian,PMP
*tu(m)buk,'pound',"28, 272",Proto Malayo-Polynesian,PMP
*tu(m)buq,"'grow, thrive; swell'",134,Proto Malayo-Polynesian,PMP
*turus,'house post',55,Proto Malayo-Polynesian,PMP
*tutuIJ,"'set on fire, burn'",295,Proto Malayo-Polynesian,PMP
*uruIJ,"'collect, gather'",150,Proto Malayo-Polynesian,PMP
*usuq,"'rub, wipe'","144, 242",Proto Malayo-Polynesian,PMP
*utus,"'break under tension, as a rope'",247,Proto Malayo-Polynesian,PMP
*wakaq,'split',262,Proto Malayo-Polynesian,PMP
*wirit,'twist',289,Proto Malayo-Polynesian,PMP
*zalan,"'path, road'",61,Proto Malayo-Polynesian,PMP
*zaRum,'needle',87,Proto Malayo-Polynesian,PMP
*zeket,'burn (fields +)',"122, 294",Proto Malayo-Polynesian,PMP
*mamikat or *makiket,'snare birds with birdlime',229,Proto Western Malayo-Polynesian,PWMP
*padaw,'kind of sailboat',183,Proto Western Malayo-Polynesian,PWMP
*paraSu,'boat',183,Proto Western Malayo-Polynesian,PWMP
"*pik(a,e)t",'birdlime',229,Proto Western Malayo-Polynesian,PWMP
*ba(IJ)ka,'canoe',179,Proto Central/Eastern Malayo-Polynesian,PCEMP
*isi,"'peel, strip off; scrape (coconut)'","164, 256",Proto Central/Eastern Malayo-Polynesian,PCEMP
*paniIJ,'bait; fodder',219,Proto Central/Eastern Malayo-Polynesian,PCEMP
*paqu(s),"'tie, bind'",292,Proto Central/Eastern Malayo-Polynesian,PCEMP
*seka,"'pierce, stab'",265,Proto Central/Eastern Malayo-Polynesian,PCEMP
*sisi,"'peel off (skin, bark +)'",257,Proto Central/Eastern Malayo-Polynesian,PCEMP
*waIJka,'outrigger canoe',178,Proto Central/Eastern Malayo-Polynesian,PCEMP
*patotV,'connective sticks or stanchions attaching floats to booms',193,Proto Eastern Malayo-Polynesian,PEMP
"*ta(d,R)i",'steer a course (in navigating),207,Proto Eastern Malayo-Polynesian,PEMP
*ubil*ibu,'drinking vessel',74,Proto Eastern Malayo-Polynesian,PEMP
*alito(n),'firebrand',146,Proto Oceanic,POc
*ana,"'woven, braided'","82, 286",Proto Oceanic,POc
*api,'fire',143,Proto Oceanic,POc
*apon,'fishing line',"216, 230",Proto Oceanic,POc
*aRiRi,'post',"53, 55",Proto Oceanic,POc
"*asa(q), *asaq-i-","'grate, sharpen by grating or rubbing'","33, 165, 235, 236",Proto Oceanic,POc
*asok,'plant in holes in the ground',132,Proto Oceanic,POc
*asu (V),"'scoop or ladle out'; (N) 'ladle, bailer'","75, 201",Proto Oceanic,POc
"*bi)aku(r,R)",'work a garden',118,Proto Oceanic,POc
*bi)ilo,'coconut shell used as liquid container',"73, 74",Proto Oceanic,POc
"*bi)(imaku(r,R) (N)",'garden ',118,Proto Oceanic,POc
"*baba(k), *baki-","'strike one against another, knock'","31, 267, 272",Proto Oceanic,POc
"*ba(b,p)an","'plank, canoe plank or strake'","58, 185",Proto Oceanic,POc
*bako,'spear',"223, 231",Proto Oceanic,POc
"*balur, *balur-i-","'mix, stir'",171,Proto Oceanic,POc
*bani,'bait; fodder',"219, 230",Proto Oceanic,POc
*baqapun,'k.o. banana',127,Proto Oceanic,POc
*bara,'plaited cane armlet',103,Proto Oceanic,POc
*baRa,"'fence, wall, enclosure'","60, 125, 220, 231",Proto Oceanic,POc
*baReqo,'breadfruit fruit ' ?,127,Proto Oceanic,POc
*bayan,"'fish bait, trolling lure, trolling hook'","218, 230",Proto Oceanic,POc
*bayat,"'fence, boundary marker', *bayat-i- 'make a garden boundary'","61, 125",Proto Oceanic,POc
*baIJi,'bait',219,Proto Oceanic,POc
*bele,"'shrub species, Abelmoschus manihot (syn. Hibiscus, manihot)",128,Proto Oceanic,POc
*beta,'k.o. breadfruit',127,Proto Oceanic,POc
*bola,'coconut leaves woven together for any purpose',79,Proto Oceanic,POc
"*bo(q)u(k), *bo(q)uk-i-","'feel with fingers, lay hand on, squeeze'",289,Proto Oceanic,POc
*boRok,'domestic pig',20,Proto Oceanic,POc
"*(b,p)oso",'k.o. taro',127,Proto Oceanic,POc
"*botak, *botak-i-","'crack open, split open (nuts, coconuts +), make incision'",261,Proto Oceanic,POc
*bou,'main bearers supporting floor/roof or centre post supporting ridgepole,"18, 53, 56",Proto Oceanic,POc
*buku,"'node (as in bamboo or sugarcane); joint; knuckle; knot in wood, Stling or rope'","5, 31, 85",Proto Oceanic,POc
"*buku, *bukut-i-",'tie ( a knot); fasten',"5, 290, 291",Proto Oceanic,POc
*bulaka,"'swamp taro, Cyrtosperma chamissonis'",127,Proto Oceanic,POc
*buli(q),'cowrie shell; cowrie shell used as net sinker',"215, 231",Proto Oceanic,POc
*bulit,"'gum, resin (birdlime?)","229, 232",Proto Oceanic,POc
*bune,'wild pigeon',19,Proto Oceanic,POc
*buru,"'bore a hole, drill '","94, 145, 265, 266",Proto Oceanic,POc
*burulJ(a) (N),"'cover, plug'?",76,Proto Oceanic,POc
"*butu(k), *butuk-i-","'repeatedly knock, pound, beat'","28, 267, 271",Proto Oceanic,POc
*bwalJa,'k.o. large pot',"68, 70",Proto Oceanic,POc
*bwalJo,"'new leaves or shoots, (or taro tops for planting?)'",129,Proto Oceanic,POc
*bwera,'banana type',127,Proto Oceanic,POc
?*d(r)ag(i),'k.o. container',75,Proto Oceanic,POc
*(d)rama(R) (N),"'torch'; (v) 'fish at night with torch' 30, 221 -2","222, 231",Proto Oceanic,POc
*d(r)amut,'lime spatula',77,Proto Oceanic,POc
*gabu,'mist',20,Proto Oceanic,POc
*gabWari-,'area underneath a raised house',"32, 51, 52",Proto Oceanic,POc
*gapi,'(stone?) club',"227, 232",Proto Oceanic,POc
*garamut,'slitgong',109,Proto Oceanic,POc
"*gawit, *gawit-i-","'hook, to catch hold of; fruit crook'",281,Proto Oceanic,POc
"*ginit, *ginit-i-","'pinch off with fingers, nip with fingernails'",280,Proto Oceanic,POc
*giri,"'file, rasp, saw'","95, 235, 236",Proto Oceanic,POc
*giRu or *guRi,"'deep pit,? for grave or well'",60,Proto Oceanic,POc
"*gora(s), *goras-i-",'scrape out (coconut meat +); dregs of strained coconut scrapings',"164, 239",Proto Oceanic,POc
*gugu(m),"'grasp in fist, clench fist'","20, 285",Proto Oceanic,POc
"*gumu(t), *gumut-i-",'hold tight',"282, 285",Proto Oceanic,POc
*i-asa(q),"'grater; anything used to grate, grind'","33, 94, 236",Proto Oceanic,POc
*i-kani,'thing one eats with',33,Proto Oceanic,POc
*ijulJ,"'projecting headboard of prow, often with ornately carved figurehead'",189,Proto Oceanic,POc
*ike,'tapa beater',"96, 98",Proto Oceanic,POc
"*inum, *inum-i-",'drink (s.t.)',"23, 26",Proto Oceanic,POc
*isi,"'scoop out (flesh from coconut +); peel off (skin, bark +)'","164, 256",Proto Oceanic,POc
*jalan,'path',61,Proto Oceanic,POc
*japi,"'k.o. bivalve (possibly gold-lipped pearlshell, Pinctada maxima); ornament made from this'",104,Proto Oceanic,POc
*jau(q),"'be anchored or moored, come to anchor or rest'",203,Proto Oceanic,POc
*jila,'boom or yard of (triangular) sail',"195, 196",Proto Oceanic,POc
*jiRi,'cordyline',99,Proto Oceanic,POc
"*jojOIJ, *jolJi","'plug, stop, caulk'",76,Proto Oceanic,POc
"*jolJ-a(n,lJ)","'plug, bung, stopper'",76,Proto Oceanic,POc
*joRaga,"'banana, Australimusa group'",127,Proto Oceanic,POc
*kabu,"'cup, ladle'",74,Proto Oceanic,POc
*kabu(R),'sow or scatter small seeds',133,Proto Oceanic,POc
*kaiu,"'tree, wood, stick'","145, 196",Proto Oceanic,POc
*kaka(p),'stammer',"17, 20",Proto Oceanic,POc
"*kakas, *[kaJkas-i-",'split',261,Proto Oceanic,POc
"*kala(s), *kalas-i-","'shape S.t. by cutting, cut S.t. out'",252,Proto Oceanic,POc
*kalalalJ,'water jar',69,Proto Oceanic,POc
*kali,"'dig', *kali-aki- 'plant (garden) with (taro +)'",123,Proto Oceanic,POc
*kalik,'native wooden pillow',113,Proto Oceanic,POc
*kalo,'sling; to turn round and round',"227, 232",Proto Oceanic,POc
*kamali(R),'men's house',"39, 50",Proto Oceanic,POc
*kamiu,'you (PL) ',238,Proto Oceanic,POc
*kamwa,'k.o. wild taro'?,127,Proto Oceanic,POc
"*kan-an, *kanalJ",'place where one eats',33,Proto Oceanic,POc
*kani-,'eat (s.t.)',"25, 30, 33",Proto Oceanic,POc
*kanolJ,"'thing to be eaten, food'",33,Proto Oceanic,POc
*kanolJ(a),"'flesh, meat, coconut flesh'",33,Proto Oceanic,POc
*[kaJlJaRi,"'canarium almond, Canarium spp.'",128,Proto Oceanic,POc
*kapa,'sennit',85,Proto Oceanic,POc
*kapika,"'Malay apple and rose apple, Eugenia spp. '",128,Proto Oceanic,POc
*kapit,'secure thatch with battens' (generic sense: 'grasp'),55,Proto Oceanic,POc
*kapit,"'tongs' ; *kapi(t), *kapit-i- 'grasp , (with tongs)","148, 238",Proto Oceanic,POc
"*kapu(t), *kaput-i-","'wrap, cover; cover food prior to cooking'","100, 154, 238",Proto Oceanic,POc
"*kara(s), *karas-i-",'peel or scrape (skin off tubers)',"163, 237, 238, 239, 255",Proto Oceanic,POc
"*kari(s), *karis-i-","'scrape (tubers, coconuts)","163, 238, 239",Proto Oceanic,POc
"*karu(t), *karut-i-",'scratch with fingernails or claws',237,Proto Oceanic,POc
*kaRi,'garden fence or partition',"61, 125",Proto Oceanic,POc
*kasi,"'k.o. mussel, used as food scraper; scratch, scrape out or off'","162, 238, 240",Proto Oceanic,POc
*kaso,'rafter',"53, 55, 193",Proto Oceanic,POc
"*katae, *katea","'free side of canoe, opposite the outrigger'",193,Proto Oceanic,POc
*kataman,"'entrance to house, doorway'",52,Proto Oceanic,POc
*kati,'husk with the teeth',"26, 255, 259",Proto Oceanic,POc
*kati(R),'(small) outrigger canoe or canoe hull',"180, 181",Proto Oceanic,POc
"*katu (m,IJ)",'basket',"77, 79",Proto Oceanic,POc
*kauR,'bamboo; bamboo wind instrument',"107, 108",Proto Oceanic,POc
*kawil,"'hook, fish hook'","136, 216, 217, 230",Proto Oceanic,POc
"*kawit, *kawit-i-","'hook, catch hold of; fruit crook'","31, 32, 136, 142, 281",Proto Oceanic,POc
*keli,"'dig, harvest (tubers)",123,Proto Oceanic,POc
*kiajo,'outrigger boom',"181, 192",Proto Oceanic,POc
"*kili(s), *kilis-i-","'twist, bore, rotate'","31, 289",Proto Oceanic,POc
*kima,'clamshell',217,Proto Oceanic,POc
"*kinit, *kinit-i-",'pinch off with fingers',"17, 23, 31, 32, 35, 280",Proto Oceanic,POc
*kiri,"'file, rasp, saw'","30, 31, 95, 235, 236",Proto Oceanic,POc
*kiti,"'tie, bind'","290, 293",Proto Oceanic,POc
"*(k,q)oda,","'raw (meat, fish, shellfish); eat raw (meat, fish, shellfish)'",156,Proto Oceanic,POc
*kojom- (N),"'husking stick', *kojom , *kojom-i- (1) 'husk (coconuts)'","124, 167",Proto Oceanic,POc
*kolo(lJ),'cut',254,Proto Oceanic,POc
*kopi,'bamboo; bamboo flute',108,Proto Oceanic,POc
*kopu (V),"'wrap (food in a certain way ? for cooking), bundle, wrap'","100, 155, 238",Proto Oceanic,POc
"*ko[r,R]a(s), *ko[r,R]as-i-",'scrape out (coconut meat +); dregs of strained coconut scrapings',"30, 163, 164, 237, 238",Proto Oceanic,POc
*kiRam,"'stone adze, axe'","88, 120, 142",Proto Oceanic,POc
*kiRe,'coastal pandanus: mat made from its leaves',80,Proto Oceanic,POc
*koRa,"'wild mango, Mangifera minor'",128,Proto Oceanic,POc
*koRi,"'scraper; bivalve sp., used as a scraper; scrape with a shell'","164, 238, 240",Proto Oceanic,POc
*kosi,"'scrape, scratch (to mark s.t.)'","238, 241",Proto Oceanic,POc
*koti,"'cut off (hair, taro tops +)'","130, 249",Proto Oceanic,POc
*koto,"'obsidian head of spear, obsidian knife or blade; cut (across)'","92, 93, 231, 246",Proto Oceanic,POc
*kude,'hourglass drum',109,Proto Oceanic,POc
"*kuj(u,i)r",'fish spear',"223, 231",Proto Oceanic,POc
*kuku(r),'mussel; grater made of mussel shell',161,Proto Oceanic,POc
"*kulit, *kulit-i- (N )","'skin' ; (V) 'peel, remove skin of s.t., bark (a tree)'","165, 255",Proto Oceanic,POc
*kulopi,"'ladle, bailer'","74, 75",Proto Oceanic,POc
*kuluR,"'breadfruit, Artocarpus altilis'","96, 127",Proto Oceanic,POc
*kupCW)ena,'fishing net',"16, 213, 231",Proto Oceanic,POc
*kuron,'earthernware pot',"20, 68",Proto Oceanic,POc
*kutu,'cut',"31, 246, 247",Proto Oceanic,POc
*kdmani,'thing eaten',33,Proto Oceanic,POc
*laka,'basket',"78, 79",Proto Oceanic,POc
*[la]lak[o],'trochus shell; bracelet made from it',103,Proto Oceanic,POc
"*lapCW)a(r,R)","'lightning, phosphorescence'",16,Proto Oceanic,POc
*laqia,"'ginger, Zingiber officinale '",128,Proto Oceanic,POc
*lasa,'coconut half-shell cup',"73, 74",Proto Oceanic,POc
"*lawa((n,q))",'k.o. fishnet',"212, 231",Proto Oceanic,POc
*layaR,'sail',195,Proto Oceanic,POc
*lalJon (N),'rollers'; (V) 'place rollers under a canoe',203,Proto Oceanic,POc
"*(l,n)ima(s),",'bailer',201,Proto Oceanic,POc
*liIJi,'pour (s.t.) out',25,Proto Oceanic,POc
*Iogi,"'partition, partitioned area'","57, 139",Proto Oceanic,POc
"*Ioku(t), *lokut-i-","'bend, fold'",290,Proto Oceanic,POc
*Iolo(s),'bowstring',"226, 232",Proto Oceanic,POc
*Iopa(k),'break',"28, 280",Proto Oceanic,POc
*loqi,'make thread by rolling fibres on the thigh',"83, 288",Proto Oceanic,POc
*losi(t),"'squeeze, wring'","170, 282, 284",Proto Oceanic,POc
*lo,"'1oR 'be audible', *lo'1oR-i- 'hear, listen to'",23,Proto Oceanic,POc
*lua(,"'1) 'hole, pit, cave'",60,Proto Oceanic,POc
*lumu(k),"'oil, grease'",100,Proto Oceanic,POc
"*madraR, *madraR-i-","'grow ripe, overripe (breadfruit and bananas)'","158, 159",Proto Oceanic,POc
*maga,'stone; slingshot',"227, 232",Proto Oceanic,POc
*malai,"'withered, faded'",135,Proto Oceanic,POc
"*m(a,e)laqai",'open space in a settlement'?,63,Proto Oceanic,POc
*malo,"'broussonetia papyri!era, loincloth'",98,Proto Oceanic,POc
*mamis,'k.o. yam',127,Proto Oceanic,POc
*[ma-Jnoka,"'be in good condition for eating; nicely ripe, well-cooked, soft'","135, 157",Proto Oceanic,POc
*ma-osak,'ready to be eaten (because ripe or cooked)',"18, 135, 157",Proto Oceanic,POc
*ma-qasin,"'be salty, sharp, of taste'",159,Proto Oceanic,POc
*mara,"'be spoiled, foul (of food or drink)'",159,Proto Oceanic,POc
*[ma-Jra,'1o 'become withered (of vegetation),135,Proto Oceanic,POc
*mata-,'mesh of net',"215, 231",Proto Oceanic,POc
*mata,"'opening, entrance; focal point'",204,Proto Oceanic,POc
*mata-sawa,"'1 or *mata-nilqi-sawa'1 'landing place, channel in fringing reef giving passage to boats'",204,Proto Oceanic,POc
*mataq,"'raw, unripe, new, green, young'","19, 155",Proto Oceanic,POc
*matau,'axe',"88, 89",Proto Oceanic,POc
*mate,'die',34,Proto Oceanic,POc
*mate-a,'1a 'death',34,Proto Oceanic,POc
"*ma-utus, *motus","'become, be broken off, severed'","246, 247",Proto Oceanic,POc
*molis,'citrus fruit or citrus-like fruit',128,Proto Oceanic,POc
*momo(k),'break into small pieces',275,Proto Oceanic,POc
*momo(s),'squeeze',284,Proto Oceanic,POc
"*mo(n,fi)o",'knead',171,Proto Oceanic,POc
*muju,"'be clipped off', *mujuki- 'clip off (protruding growth close to the surface)'","246, 248",Proto Oceanic,POc
*muni-,"'hide (vr),",", 30",Proto Oceanic,POc
*muqa-,"'front, bow o f boat'","181, 188",Proto Oceanic,POc
*muri-,"'rear, stern'","181, 188",Proto Oceanic,POc
*mwalala,"'cleared land, land free of encumbrances'",64,Proto Oceanic,POc
*mwapo(q),'taro',"19, 127",Proto Oceanic,POc
*mwaruqen,'k.o. yam: wild yam'??,127,Proto Oceanic,POc
*mwaRi,"'roast, burn'","152, 293",Proto Oceanic,POc
"*m(""","')ase 'wild mulberry, paper mulberry, Broussonetia papyrifera'",96,Proto Oceanic,POc
"*m("",)ata","'point, cutting edge, sharp projection'","89, 93",Proto Oceanic,POc
*mWati,'herringbone pattern',102,Proto Oceanic,POc
*nad(r)i,"'flint, obsidian, stone with a cutting edge'","92, 93",Proto Oceanic,POc
?*nai(V),'woman's grass (shredded leaf?) skirt',99,Proto Oceanic,POc
*na,'1 'shine',30,Proto Oceanic,POc
*napu (V),"'steam?, boil?'","71, 153",Proto Oceanic,POc
*nasu(q) (V),'boil; steam?',152,Proto Oceanic,POc
*natu,'child',145,Proto Oceanic,POc
"*(n,fi)(a,o)tu",'knead',171,Proto Oceanic,POc
*fiatu(q),"'k.o. tree with avocado-like fruit and hard wood, Burckella obovata'",128,Proto Oceanic,POc
*niuR,'ripe coconut; coconut (generic)',127,Proto Oceanic,POc
*fiopi-,'suck',30,Proto Oceanic,POc
*no,'1o 'decorate',102,Proto Oceanic,POc
*nunu(k),"'banyan, Ficus spp.'",96,Proto Oceanic,POc
*pai,'weave',"82, 286",Proto Oceanic,POc
*paji,'cut yams for planting',131,Proto Oceanic,POc
*paka,'ship',179,Proto Oceanic,POc
*pa[kaJ-qasu (V),"'smoke, cure by smoking'",158,Proto Oceanic,POc
*paki,"'pluck, break off (leaves) with the hand'","137, 279",Proto Oceanic,POc
*pako,'wooden peg or pin',59,Proto Oceanic,POc
*palau(r),"'go to sea, make a sea voyage'","205, 206",Proto Oceanic,POc
*paia,'1a 'frying pan',70,Proto Oceanic,POc
*pale,"'hut, open-sided building'","49, 138, 191",Proto Oceanic,POc
*paluca (V),'paddle'; (N) 'paddle',199,Proto Oceanic,POc
*panako,'steal',30,Proto Oceanic,POc
*panas,"'hot, warm'",19,Proto Oceanic,POc
*pani,'apply oil or paint to the body',101,Proto Oceanic,POc
*panua,"'(1 ) inhabited area or territory, (2) community together with its land and things on it, (3) land, not sea, (4) (with reference to weather) the visible world, land and sky'","18, 62",Proto Oceanic,POc
*papak,'peel bark',"255, 258",Proto Oceanic,POc
*papo,'weed (a garden +)',122,Proto Oceanic,POc
*paqoRu,'new',"20, 35",Proto Oceanic,POc
"*paqu(s), *paqus-i-","'bind, lash; construct (canoe +) by tying together'","5, 183, 290, 292",Proto Oceanic,POc
"*pa(r,R)a",'rack or shelf above hearth for storing or smoking food',58,Proto Oceanic,POc
*paru (N. V),'club',"227, 232",Proto Oceanic,POc
*paRi,'cut or lop off branches',"138, 246, 249",Proto Oceanic,POc
?*paRo,"'drill through, pierce, perforate'","266, 267",Proto Oceanic,POc
*patar,'platform of any kind',"57, 181, 190",Proto Oceanic,POc
*pati,"'break, snap s.t. off'",279,Proto Oceanic,POc
*patoto,'connective sticks attaching float',"181, 193",Proto Oceanic,POc
*patu,'stone',"71, 114, 214, 215",Proto Oceanic,POc
"*patu(R), *patuR-i-","'tie, plait, weave (mats, baskets +)'","81, 286, 290",Proto Oceanic,POc
*pau(q),"'mango, probably Mangifera indica'",128,Proto Oceanic,POc
"*paus, *paus-i-","'weave, plait'","82, 286, 292",Proto Oceanic,POc
*pera,"'settlement, open space associated with a house or settlement'?",63,Proto Oceanic,POc
"*piji(r), *pijir-i-","'braid, twist together'",288,Proto Oceanic,POc
*pijo,"'k.o. edible wild cane or reed, possibly Saccharum spontaneum '",127,Proto Oceanic,POc
*pilu(k) (V),'tack',207,Proto Oceanic,POc
*piri,"'plait a cord, twist, wrap around'","84, 170, 286",Proto Oceanic,POc
*piro,'twist together',287,Proto Oceanic,POc
*piRaq,"'giant taro, elephant ear taro, Alocasia macrorrhiza '",127,Proto Oceanic,POc
"*pisa(k), *pisak-i-",'split',261,Proto Oceanic,POc
*pisi,"'bind up, tie up, wind round, wrap'","5, 290, 292",Proto Oceanic,POc
*piso,'(bamboo) knife',"91, 142",Proto Oceanic,POc
"*pita(k), *pitak-i-","'break, split'","28, 275",Proto Oceanic,POc
"*piti(k), *pitik-i-",'(crack)',276,Proto Oceanic,POc
*poka,"'to divide, cut up'","30, 31, 251",Proto Oceanic,POc
*poki,'clear the ground for a garden site',121,Proto Oceanic,POc
*polok,'(plant) grow (tall)',134,Proto Oceanic,POc
*ponuq,'be full',26,Proto Oceanic,POc
"*popo(s), *pos-i-","'squeeze, press out'","170, 282, 283",Proto Oceanic,POc
"*poRo(s), *poRos-i-","'squeeze out, wring out (liquid)'","169, 283, 284",Proto Oceanic,POc
*pose (N),"'(canoe) paddle', (V) 'paddle'",199,Proto Oceanic,POc
"*potak, *potak-i-",'crack open',"30, 31, 167, 259, 260",Proto Oceanic,POc
*pudi,"'banana, Musa cultivars'",127,Proto Oceanic,POc
"*puke(s), *pukes-i-","'uncover, open (stone oven+)'",150,Proto Oceanic,POc
"*(p,b)uk(i,e)",'mound up (earth) for yams',133,Proto Oceanic,POc
*pukot,"'fishing net, seine'","212, 214, 231",Proto Oceanic,POc
*pulu,"'rub to make clean, wash'",243,Proto Oceanic,POc
*puna,'vine used for fish poison',"221, 231",Proto Oceanic,POc
*puni,'hide',27,Proto Oceanic,POc
"*punu(q), *punuq-i-","'hit, strike, fight, kill'","267, 268",Proto Oceanic,POc
*pupu,'basketry fish trap',"219, 220, 231",Proto Oceanic,POc
"*pupu(t), *puti","'pick (fruit +), pluck (feathers +)'","136, 277",Proto Oceanic,POc
*pupufJ-an,'ridgepole',53,Proto Oceanic,POc
"*pu(q)a(R), *pu(q)aR-i-","'break (s.t. hard), smash'","94, 274, 276",Proto Oceanic,POc
"*puru(k), *puruk-i-","'pierce, bore (hole)' 30, 93-9","94, 265, 266",Proto Oceanic,POc
*pusuR,'bow and arrow',"225, 231",Proto Oceanic,POc
*puti-,"'pick, pluck (feathers), pull out (weeds +)'","122, 168, 277",Proto Oceanic,POc
*putu(k),"'repeatedly knock, pound, beat'","30, 31, 161, 267, 271",Proto Oceanic,POc
*pWalaq,'split (wood +)',"259, 260",Proto Oceanic,POc
*prw)anaq (N),"'bow', *prw)anaq, *prw)anaq-i- 'shoot'","35, 225, 231",Proto Oceanic,POc
"*pwara(s), *pwaras-i-","'(egg) hatch; hatch out (chick), break (coconut +)'",275,Proto Oceanic,POc
"*pwaraq, *pwararaq",'thunder',16,Proto Oceanic,POc
*prw)aRaRa,'handle',"16, 90",Proto Oceanic,POc
"*pwasa(r,R), *pwasa(r.R)-i-","'slap, hit'","267, 273",Proto Oceanic,POc
*pwasepe,'greater yam',127,Proto Oceanic,POc
*prw)asi,"'cut up, cut off, cut lengthwise'",250,Proto Oceanic,POc
*pwatik,"'potato yam, aerial yam, Dioscorea bulbifera '","16, 127",Proto Oceanic,POc
*pWaya,'(cultivable) soil',120,Proto Oceanic,POc
*prw)ilak,'lightning',16,Proto Oceanic,POc
*prw)ilit,"'peel by hand (fruit, cooked , food)","166, 255, 259",Proto Oceanic,POc
*prw)iprw)i(t),"'press, wring, squeeze s.t. (e.g. in order to extract liquid)'","31, 169, 282",Proto Oceanic,POc
"*pWita , *pWita-i- (N. V)","'snare, tie by encrrcling'","5, 16, 228, 232, 290, 291",Proto Oceanic,POc
*prw)iti-,"'press, wring, squeeze s.t. (e.g. in order to extract liquid)'",282,Proto Oceanic,POc
*prw)oga(q) (VI),"'burst open, split open'",275,Proto Oceanic,POc
"*prw)olaq, *prw)ola(q)-i-",'split (wood +)',260,Proto Oceanic,POc
"*pwosa(k), *pwosak-i-","'break, shatter, crack open'","23, 274",Proto Oceanic,POc
*pwuti,'cut off',"246, 249",Proto Oceanic,POc
*qalip,"'canarium almond, Canarium sp.'",128,Proto Oceanic,POc
*qamataq,'not ready to be eaten (because unripe or raw)',156,Proto Oceanic,POc
*qapu,"'ashes, dust'",147,Proto Oceanic,POc
*qaqe-,'leg',32,Proto Oceanic,POc
*qaRa(r),'fence',"61, 125",Proto Oceanic,POc
*qata(q),"'young, raw'",156,Proto Oceanic,POc
*qatop,"'thatch, roof'","52, 53, 54",Proto Oceanic,POc
"*qatu(IJ), qatuIJ-i-","'strike from above, pound'","161, 267, 271",Proto Oceanic,POc
*qebal,'pandanus mat',"80, 195",Proto Oceanic,POc
*qio(r. R),"'spear, arrow'","18, 222, 223, 231",Proto Oceanic,POc
*qipi,"'Tahitian chestnut, Pacific chestnut, Inocarpus fagifer' (syn. Inocarpus edulis)",128,Proto Oceanic,POc
*qiri(s),'cut',253,Proto Oceanic,POc
*qora,'fishing basket',79,Proto Oceanic,POc
*(q)oRa,"'strake, probably topstrake , (washstrake)","181, 182, 186",Proto Oceanic,POc
"*qubu, *qubWi-",'hit with fist or with a weapon',"267, 268",Proto Oceanic,POc
"*quju(r), *qujur-i-","'rub, make smooth by rubbing'","95, 243",Proto Oceanic,POc
*quli,"'knead, mix together'",171,Proto Oceanic,POc
*qulilJ (N),'rudder'; (V) 'steer',197,Proto Oceanic,POc
*quluIJ-an,'rest the head on; wooden headrest',"112, 113",Proto Oceanic,POc
*quma,'garden; to clear land for a garden',117,Proto Oceanic,POc
*qumun,'oven made with hot stones; cook in a stone or earth oven',"59, 148",Proto Oceanic,POc
*qunap,"'fish scale; turtle shell, fishhook'","166, 217, 218, 230",Proto Oceanic,POc
*qunap-i- (V ),'scale fish',166,Proto Oceanic,POc
*qupi,"'greater yarn, Dioscorea alata; also used as yarn generic '",127,Proto Oceanic,POc
*quRis,"'Polynesian plum, hog plum, Tahitian apple, golden apple, Spondias Cytherea (syn. Spondias dulcis)'",128,Proto Oceanic,POc
*qutan,"'bushland, hinterland'","64, 118",Proto Oceanic,POc
*quti(n),'penis',145,Proto Oceanic,POc
*quwe,'rattan',83,Proto Oceanic,POc
*rabo(k),"'break, smash'","274, 276",Proto Oceanic,POc
*rabut/*rubat,'uproot',122,Proto Oceanic,POc
*raki(t),"'raft; join outrigger, join two hulls'?",184,Proto Oceanic,POc
*rapu(R),"'hearth, fireplace; ashes'","59, 147, 202",Proto Oceanic,POc
"*rapu(t), *raput-i-","'hit with hand or stick, slash'","267, 269",Proto Oceanic,POc
*raqu(p),"'New Guinea walnut, Dracontomelon dao' (syn. D. mangiferum, D. edule)",128,Proto Oceanic,POc
"*raraIJ, *raraIJ-i-",'heat s.t. or warm oneself by fire',"83, 153, 293, 294",Proto Oceanic,POc
*rasi,"'grate, scrape (tubers, coconuts); scratch'","165, 241",Proto Oceanic,POc
*rau(n),'leaf; thatch',"18, 54, 216",Proto Oceanic,POc
*reke,'fishing net',"212, 231",Proto Oceanic,POc
*rua,'two',183,Proto Oceanic,POc
*Rabia,"'sago, M etroxyZon spp.'",128,Proto Oceanic,POc
*Rau(C),'dragline',216,Proto Oceanic,POc
*Risi(q),"'remove by tearing, tear or peel off (bark +) in long narrow strips'","256, 257",Proto Oceanic,POc
*Rumaq,'house',"32, 35, 48, 52, 53",Proto Oceanic,POc
*Runutl*nuRut,"'sheath around base of coconut frond, used as strainer'",168,Proto Oceanic,POc
*(sabi-)sabi,'shell disc used as earring',104,Proto Oceanic,POc
*saja(q),'prepare thatching materials or begin to thatch a roof',55,Proto Oceanic,POc
*sake,"'embark, ride on a canoe'",206,Proto Oceanic,POc
*sakup,'k.o. cooking banana ',127,Proto Oceanic,POc
"*saZap, *saZap-i-","'sweep, broom'","111, 244",Proto Oceanic,POc
*saZi,"'strip leaves from branch, frond'","255, 258",Proto Oceanic,POc
*saZu-,"'slash, hoe; a hoe, an adze'",120,Proto Oceanic,POc
*saman,'outrigger float',"181, 191",Proto Oceanic,POc
*sani,"'complete clearing of garden; stripping, of leaves'",121,Proto Oceanic,POc
"*sao(t) (N, V )",'spear',"222, 231",Proto Oceanic,POc
*sapaki-,"'pluck off, break off (leaves) with the hand'","137, 279",Proto Oceanic,POc
"*sapu(k), *sapu(k)-i-",'hit',"28, 273",Proto Oceanic,POc
"*sapu(r), *sapur-i-",'brush (dirt +) off (s.t.)' (where 's.t. ' is the object),"111, 244",Proto Oceanic,POc
"*sapu(t), *saput-i-","'pull out, pull up, pluck (fruit, nuts)'","131, 37, 277, 278",Proto Oceanic,POc
"*sap""","'i 'carve into shape, trim (with axe or adze), whittle'",252,Proto Oceanic,POc
*saqat,'bad',35,Proto Oceanic,POc
*saqi(t),'sew',"86, 290",Proto Oceanic,POc
*sara,"'clear (vegetation, rubbish) from a garden'",121,Proto Oceanic,POc
*saRe(k),"'become, be torn up, uprooted', *saRek-i- (VT) 'tear off, uproot'",262,Proto Oceanic,POc
*saRo,"'wipe, sweep'",244,Proto Oceanic,POc
*saRu,'comb',105,Proto Oceanic,POc
*saRum,"'needle, tattooing needle'",87,Proto Oceanic,POc
*sawaf],"'channel in reef giving passage to boats, landing place, anchorage'",204,Proto Oceanic,POc
*siba,"'cut, slice'","246, 250",Proto Oceanic,POc
*sika,'netting needle',"215, 231",Proto Oceanic,POc
*sika,"'split, tear ( in strips)'",263,Proto Oceanic,POc
"*sir{i,e)","'tear in two, tear into strips '",262,Proto Oceanic,POc
*sisi,"'scoop out (flesh from coconut +)'; 'peel off (skin, bark +)'","166, 256, 257",Proto Oceanic,POc
"*soka, *soka-i-",'pierce; stab',"27, 167, 224, 231, 263, 265",Proto Oceanic,POc
*soka(r),"'thwart; bracing timber, crossbeam'","56, 181, 187",Proto Oceanic,POc
*soko(r),"'bracing timber, crossbeam'",53,Proto Oceanic,POc
"*soko(t), *sokot-i-","'bum (grass , rubbish +)'","122, 293, 294",Proto Oceanic,POc
*sopu,'prepare yams for planting',131,Proto Oceanic,POc
"*sua (N, V)",'spear (weapon retained in the hand)',"224, 231, 263, 265",Proto Oceanic,POc
"*suar, *suar-i-","'root up the ground, as pigs do'",124,Proto Oceanic,POc
*suja,'sharpened stake set in ground',"228, 232",Proto Oceanic,POc
"*suka , *suka-i-",'make fire with fire plough',"144, 243",Proto Oceanic,POc
*suki-,"'pierce, prick, sew (mats)'",263,Proto Oceanic,POc
*(sj)uZi(q),"'banana or taro sucker, shoot; slip, cutting'",129,Proto Oceanic,POc
*suZu,'dry coconut leaf torch',146,Proto Oceanic,POc
*sunu,'singe',"154, 293, 294",Proto Oceanic,POc
*supi,"'pare, shave, sharpen'","165, 254, 255",Proto Oceanic,POc
"*s(u,i)ri","'pierce, poke'","87, 263, 264",Proto Oceanic,POc
*suRi,'bone',87,Proto Oceanic,POc
*(su)su(k),"'a skewer'; *(su)suk-i- 'pierce, prick, sew'","86, 124, 132, 152, 263",Proto Oceanic,POc
*(su)suRi,'bone (needle); sew',"87, 263, 264",Proto Oceanic,POc
"*su (w)at, *su(w)a[t,rj-i-",'comb (hair)',106,Proto Oceanic,POc
"*ta(g,k)o",'barbless? fishhook ',"217, 230",Proto Oceanic,POc
"*taba(s), *taba(s)-i-",'cut',251,Proto Oceanic,POc
*tabakau,'mat woven from coconut leaves',80,Proto Oceanic,POc
*tabiRa,'wooden bowl',"72, 160",Proto Oceanic,POc
*tab[W)e,"'basket, probably small'","78, 79",Proto Oceanic,POc
"*tajim , *tajim-i-","'sharpen to a point, trim (wood)'",255,Proto Oceanic,POc
*takaw,'steal',29,Proto Oceanic,POc
*taku,'adze',"88, 90",Proto Oceanic,POc
*tali,"'rope, cord, plaiting'",83,Proto Oceanic,POc
*talise,"'Java almond, Indian almond, Terminalia catappa'",128,Proto Oceanic,POc
*talo(s),"'taro, Colocasia esculenta '",127,Proto Oceanic,POc
*talu(n),"'fallow land, land returning to secondary growth '",118,Proto Oceanic,POc
*tama-,'father',35,Proto Oceanic,POc
*tamWata,"'man, husband'",19,Proto Oceanic,POc
*tano(q),"'earth, soil'","119, ",Proto Oceanic,POc
"*tanum, *tanum-i-","'bury, plant (tuber)",132,Proto Oceanic,POc
*talJa,"'basket or bag, small, used for personal effects'",79,Proto Oceanic,POc
*talJis,'weep',27,Proto Oceanic,POc
*tapa (V),'dry food by heat to preserve it; smoke food',158,Proto Oceanic,POc
"*tapa(s), *tapas-i-","'cut into, incise'","251, 252",Proto Oceanic,POc
*tapi,"'dust off, brush lightly'","111, 114, 244",Proto Oceanic,POc
*tapi,'paddle for beating clay into shape',71,Proto Oceanic,POc
"*ta-(p,b)uk(i,e)",'yam mound',133,Proto Oceanic,POc
*tapuRi(q),"'triton shell, Charonia tritonis, used as trumpet'","106, 107",Proto Oceanic,POc
"*tapu(t), *taput-i-","'strip (crops), pull off'","28, 137, 277, 278",Proto Oceanic,POc
"*taqo(n), *taqon-i-","'press down, weigh down'",149,Proto Oceanic,POc
*tara,'fish spear',"224, 231",Proto Oceanic,POc
*taRa(q),'adze'; *taRaq-i- 'chop with adze',"90, 187, 245",Proto Oceanic,POc
*taRi,'steer a course'?,207,Proto Oceanic,POc
*taRu,'cover up',190,Proto Oceanic,POc
*tau,"'body, person'",19,Proto Oceanic,POc
*tau (ni) waga,'owner of a boat',208,Proto Oceanic,POc
*tawai,'k.o. banana',127,Proto Oceanic,POc
*tawan,'Pometia pinnata',128,Proto Oceanic,POc
?*tepa-i-,"'slice (flesh), circumcise'",253,Proto Oceanic,POc
*tete,"'log bridge or ladder', 'climb a ladder, walk along a bridge or branch'","52, 58",Proto Oceanic,POc
"*tibWa(IJ), *tibwalJ-i-","'dart, arrow; shoot with dart, arrow'","225, 226, 232",Proto Oceanic,POc
*tiki (v),'plait (mat +)',"82, 286",Proto Oceanic,POc
*tipi,"'loincloth, man's garment'",99,Proto Oceanic,POc
*toki,"'cut, chop'","235, 250",Proto Oceanic,POc
*tokon,"'staff, punting pole' ; *tokon-iÂ­ 'punt or pole (a boat)'",200,Proto Oceanic,POc
*tola,'large canoe',"181, 186",Proto Oceanic,POc
*topa,"'land cleared for a garden', or 'land formerly planted as a garden'",120,Proto Oceanic,POc
*topu,"'sugarcane, Saccharum officinarum'",127,Proto Oceanic,POc
*tosi,"'score, split, pull apart lengthwise'","255, 258",Proto Oceanic,POc
*toto(k),"'cut, chop'","235, 250",Proto Oceanic,POc
*tubuq,"'grow, swell'",134,Proto Oceanic,POc
*tuki-,'pound';,"161, 270",Proto Oceanic,POc
*tunu,'roast on embers or in fire; burn (grass +); make cicatrices on skin',"122, 151, 293",Proto Oceanic,POc
*tulJi,"'light, set fire to'",295,Proto Oceanic,POc
*tupa,'derris fish poison',"220, 231",Proto Oceanic,POc
"*tup-a((n,IJ))","'lid, cover'",71,Proto Oceanic,POc
"*tupu(k), tupu(k)-i-","'knock against, knock over, stub (toe), stumble against'","28, 267, 272",Proto Oceanic,POc
*tupul,'send out new growth',134,Proto Oceanic,POc
*tuqu(r),'stand; fixed',196,Proto Oceanic,POc
*tuRi,"'sew, thread, string together'","105, 263, 264",Proto Oceanic,POc
*turu(s),'post',5355,Proto Oceanic,POc
"*tutuk, *tuki-","'pound, mash, crack by hammering'","98, 161, 267, 270",Proto Oceanic,POc
"*tutu(IJ), *tulJi","'light, set fire to'","293, 295",Proto Oceanic,POc
"*tutup, *tupi",'cover (s.t.)',71,Proto Oceanic,POc
*ubil*ibu,'half coconut shell used as a drinking cup',74,Proto Oceanic,POc
"*udu(r,R)",'k.o. greater yam',127,Proto Oceanic,POc
"*ujan, *ujan-i-, *lujan (V )","'load (a boat)'; (N) 'cargo, freight'",198,Proto Oceanic,POc
"*up(e,a)",'taro seedling',"129, 130",Proto Oceanic,POc
*upil*ipu,'blow; native flute',107,Proto Oceanic,POc
*uru(lJ),"'take food and/or hot stones out of stone oven or fire; collect, gather'",150,Proto Oceanic,POc
"*usu(q,p), *usu(p)-i-",'rub abrasively',"144, 242",Proto Oceanic,POc
*utOfJ,'net float',"214, 231",Proto Oceanic,POc
"*utu(s), *utus-i-","'sever, separate'","246, 247",Proto Oceanic,POc
*waga,'large sailing canoe; canoe (generic),"178, 181",Proto Oceanic,POc
*wai(p),'coconut-shell water bottle',75,Proto Oceanic,POc
*(wai)wai,'mango (generic)',128,Proto Oceanic,POc
*waiR,'fresh water',"18, 75",Proto Oceanic,POc
*waka(q),"'cut, split into sections, as yams for planting'",262,Proto Oceanic,POc
*waRoc,"'vine, creeper, rope, string'",83,Proto Oceanic,POc
*wasi,'taro stem',129,Proto Oceanic,POc
*waso,'digging stick',"124, 142",Proto Oceanic,POc
"*(w,v)ele","'cut nut, Barringtonia sp.'",128,Proto Oceanic,POc
*wiri(t),"'twist, turn, revolve'","266, 289",Proto Oceanic,POc
*yafJo,"'turmeric, Curcuma longa '",128,Proto Oceanic,POc
"*b(u,o)go","'twist, wring'",289,Proto Western Oceanic,PWOc
*bogo-bogo,'Jew's-harp',110,Proto Western Oceanic,PWOc
"*bwaR(i,e)","'pierce, bore (hole)'","94, 266",Proto Western Oceanic,PWOc
"*bwaR(i,e)","'pierce, bore (hole)'",266,Proto Western Oceanic,PWOc
*bWatiq,'k.o. banana',127,Proto Western Oceanic,PWOc
*gobu,"'potato yam, Dioscorea bulbifera' ?",127,Proto Western Oceanic,PWOc
*kapul,'seed yam',131,Proto Western Oceanic,PWOc
*karo,'scratch with fingernails or claws',237,Proto Western Oceanic,PWOc
*kase,'k.o. basket',78,Proto Western Oceanic,PWOc
*lamo,'clear a garden site',121,Proto Western Oceanic,PWOc
*maRi,'Derris root',221,Proto Western Oceanic,PWOc
*moke,"'pandanus species, used to make capes and mats'",80,Proto Western Oceanic,PWOc
*mWali,'braid large ropes (for use with canoes +)',"85, 288",Proto Western Oceanic,PWOc
*fJuju,'carved prow',189,Proto Western Oceanic,PWOc
"*pasok, *pasok-i-",'plant (tuber +) ',132,Proto Western Oceanic,PWOc
*pusuk,'(plant) grow',134,Proto Western Oceanic,PWOc
"*(q,k)amisa","'lesser yam, Dioscorea esculenta '",127,Proto Western Oceanic,PWOc
"*qa(r,R)ifJ",'obsidian; razor',93,Proto Western Oceanic,PWOc
"*sapu(k), *sapu(k)-i-",'hit',"267, 273",Proto Western Oceanic,PWOc
*tapal,'substance used to blacken teeth',101,Proto Western Oceanic,PWOc
*walu,'sago beater',"160, 161",Proto Western Oceanic,PWOc
*apu,'mound for house site',51,Proto Eastern Oceanic,PEOc
*bola,'coconut leaves woven together for any purpose',81,Proto Eastern Oceanic,PEOc
*bwalu,"'cover, lid, stopper'",76,Proto Eastern Oceanic,PEOc
*damu,'k.o. yam',127,Proto Eastern Oceanic,PEOc
"*gugu(m), *gumi-","'grasp in fist, clench fist'","282, 285",Proto Eastern Oceanic,PEOc
*ibe,'mat',81,Proto Eastern Oceanic,PEOc
*kaiu-tuqu(r),"'vertical supporting timber, prop supporting rig'?",196,Proto Eastern Oceanic,PEOc
*kaRi,"'scraper; bivalve sp., used as a scraper; scrape with a shell'","162, 238, 240",Proto Eastern Oceanic,PEOc
*kete,"'belly, basket'",78,Proto Eastern Oceanic,PEOc
*keti,'husk with the teeth',"255, 259",Proto Eastern Oceanic,PEOc
*kokoda,"'gather weeds or rubbish, prepare a garden'",121,Proto Eastern Oceanic,PEOc
"*kori(s), *koris-i-","'scrape (esp. coconuts), grate (esp. , coconuts)","164, 238, 240",Proto Eastern Oceanic,PEOc
*ma(R)i,'breadfruit',127,Proto Eastern Oceanic,PEOc
"*make (N, V)",'tattoo',102,Proto Eastern Oceanic,PEOc
*mara,'preserved breadfruit',158,Proto Eastern Oceanic,PEOc
*palo,"'wither, wilt'",135,Proto Eastern Oceanic,PEOc
*pana,"'mast, boom stepped on foot of mast'?",196,Proto Eastern Oceanic,PEOc
*papi-,'cook in oven with hot stones and leaves',151,Proto Eastern Oceanic,PEOc
*papia,"'firewood, fuel'","145, 151",Proto Eastern Oceanic,PEOc
*paqurua,'double canoe',182,Proto Eastern Oceanic,PEOc
"*paro(s), *paros-i-",'chafe (skin)'; 'scrape',"165, 241, 242",Proto Eastern Oceanic,PEOc
*paRo,"'drill through, pierce, perforate'",94,Proto Eastern Oceanic,PEOc
*pasi,'plant yams',132,Proto Eastern Oceanic,PEOc
"*pilo(s), *pilos-i-",'make a cord by rolling fibres on the thigh',"85, 287",Proto Eastern Oceanic,PEOc
*piri-piri,'twine round and round; thing made by braiding',"84, 287",Proto Eastern Oceanic,PEOc
"*polos, *polos-i-","'cut across, sever'","246, 249",Proto Eastern Oceanic,PEOc
"*pora(k), *porak-i-","'break, damage'","274, 276",Proto Eastern Oceanic,PEOc
*sapi,"'strip (leaves); pluck (fruit, nuts)'","137, 255, 258",Proto Eastern Oceanic,PEOc
*saqalo,"'scrape, clean by scraping; rub smooth'","241, 242",Proto Eastern Oceanic,PEOc
*saRi,'k.o. spear',225,Proto Eastern Oceanic,PEOc
*sele,'knife; cut with a knife',"91, 142",Proto Eastern Oceanic,PEOc
"*soni, *sonit-i-","'incise, cut into'",253,Proto Eastern Oceanic,PEOc
*sua(C) (v ),"'scull, row with oar held vertically'",200,Proto Eastern Oceanic,PEOc
*suqi,"'take s.t. down (from a hook or , branch)",280,Proto Eastern Oceanic,PEOc
*tapaya,"'(gourd or coconut-shell) container, bottle'","75, 76",Proto Eastern Oceanic,PEOc
*taRi,"'noose, snare'",229,Proto Eastern Oceanic,PEOc
"*tau(s,t), *tau(s,t)-i-","'pluck (fruit, leaves)'",279,Proto Eastern Oceanic,PEOc
*tau-tasik,"'expert fisherman or sailor, mariner'",207,Proto Eastern Oceanic,PEOc
*wao,'forest',119,Proto Eastern Oceanic,PEOc
*bwad(r)i,"'k.o. large pot, possibly for water storage'",69,Proto New Guinea Oceanic,PNGOc
*gabom,'wooden dish',"72, 73",Proto New Guinea Oceanic,PNGOc
*(kuron)bwa1Ja,'communal cooking pot',70,Proto New Guinea Oceanic,PNGOc
*krw)apil,'k.o. yam',131,Proto New Guinea Oceanic,PNGOc
"*pa(r,R)a (V)",'dry by smoking',158,Proto New Guinea Oceanic,PNGOc
"*ram(i,e)",'grass-skirt',100,Proto New Guinea Oceanic,PNGOc
"*prw)isa(k), *prwJisak-i-",'squeeze (grated coconut +)',283,Proto North New Guinea,PNNG
*na(q)u(q),'clay dish',"70, 153",Proto Papuan Tip,PPT
*yoyo,'slitgong',110,Proto Southeast Solomonic,PSS
*ogo,'tooth-blackening powder',101,Proto Southeast Solomonic,PSS
*popo,'wooden bowl',73,Proto Southeast Solomonic,PSS
*tola,'plank-built canoe',181,Proto Southeast Solomonic,PSS
*(a)valau,'boatshed',205,Proto Central Pacific,PCP
*dreke,"'recess, cavity, pocket of a seine net'",212,Proto Central Pacific,PCP
*grw)ele,"'earth, soil'",120,Proto Central Pacific,PCP
*jiva,'pearl oyster',104,Proto Central Pacific,PCP
*kumete,'large wooden bowl',"73, 160",Proto Central Pacific,PCP
*lali,'slitgong',110,Proto Central Pacific,PCP
*leu-leu,'(old) tapa cloth',97,Proto Central Pacific,PCP
*1Jatu,'old or worn bark-cloth',97,Proto Central Pacific,PCP
*paki,"'pluck, break off (leaves) with the hand'",137,Proto Central Pacific,PCP
*vusi,"'taro swamp, taro bed'",139,Proto Central Pacific,PCP
*qava,'net gauge',215,Proto Central Pacific,PCP
*rau,"'dragline, scareline, made from rope and coconut leaves'",216,Proto Central Pacific,PCP
*sau,'ear pendant',105,Proto Central Pacific,PCP
"*sau, *sauti-","'strike, beat, chop'","267, 273",Proto Central Pacific,PCP
*sele,'knife; cut with a knife',91,Proto Central Pacific,PCP
*sinu,'oil',100,Proto Central Pacific,PCP
*sua (v),'tack',"199, 207",Proto Central Pacific,PCP
*taba,'bark',96,Proto Central Pacific,PCP
*takele,'keel or dugout underbody to which planking is added',187,Proto Central Pacific,PCP
*tau,'end-decking of canoe hull',190,Proto Central Pacific,PCP
*tuku,"'let go, slacken'",197,Proto Central Pacific,PCP
*tuku,'running stay supporting sail',197,Proto Central Pacific,PCP
*tii-dravu,'portable fireplace or oven',202,Proto Central Pacific,PCP
"*(v,b)asu","'a drum'; (V) 'drum, thump'","110, 267, 273",Proto Central Pacific,PCP
*vuqa(i)1Ja,"'whetstone, grindstone'",94,Proto Central Pacific,PCP
*amo,'prepare fibres for string making (by rubbing on thigh); prepared fibre',83,Proto Polynesian,PPn
*fala,'plaited pandanus mat',81,Proto Polynesian,PPn
*fa?urua,'double canoe',183,Proto Polynesian,PPn
*ffnaki,'fish trap',220,Proto Polynesian,PPn
*fiiliki,'cover floor with mats or grass; floor covering',81,Proto Polynesian,PPn
*kafu (N),'clothing or covering for the body'; (V) 'cover the body',"100, 154",Proto Polynesian,PPn
*kofu (N),'clothing; leaf-wrapped parcel of food'; (V) 'wrap up',"100, 155",Proto Polynesian,PPn
*la1Ja,"'plait (mat, basket)",82,Proto Polynesian,PPn
*liu,"'bilge, interior of hull'",188,Proto Polynesian,PPn
*lohu,"'fruit-plucking pole, hook something with a pole'","136, 277",Proto Polynesian,PPn
*loto-qii,'a garden' (lit. 'inside the fence'),125,Proto Polynesian,PPn
*malaqe,"'open, cleared space used as meeting place or ceremonial place'",64,Proto Polynesian,PPn
*matau,'axe',102,Proto Polynesian,PPn
*nafa,'wooden drum',110,Proto Polynesian,PPn
*lJafi-lJafi,'old mat or bark-cloth',97,Proto Polynesian,PPn
*paopao,'small outrigger or dugout canoe for inshore use',184,Proto Polynesian,PPn
*raqakau,"'wood, tree'",145,Proto Polynesian,PPn
*siapo,'paper-mulberry plant (Broussonetia sp.); bark-cloth',97,Proto Polynesian,PPn
*tama,'child',145,Proto Polynesian,PPn
*tapa,'bark-cloth which was not printed or stained',97,Proto Polynesian,PPn
*tapola,'basket plaited from a single coconut frond',79,Proto Polynesian,PPn
"*tatau (N, V)",'tattoo',102,Proto Polynesian,PPn
*tata (V),'bail out'; (N) 'bailer',202,Proto Polynesian,PPn
*tau-mu?a,'foredeck',"188, 190",Proto Polynesian,PPn
*tau-muri,'afterdeck',"188, 190",Proto Polynesian,PPn
*titi,'skirt or kilt worn in the dance',100,Proto Polynesian,PPn
*tutu,'beat tapa ',98,Proto Polynesian,PPn
*tutua,'board or anvil on which tapa is beaten',98,Proto Polynesian,PPn
*kau-lima,'upper frictioning stick of fire plough' ('stick' + 'hand'),145,Proto CentraVEastern Polynesian,PCEPn
