ID,Name,Group,Classification,Alternative_Names,Note,Glottocode,Latitude,Longitude
malay,Malay,,,,,mala1479,1.85856,103.0
cebuano,Cebuano,,,,cebu1242,cebu1242,8.38799,124.367
buru,Buru,,,,,buru1303,-3.44,126.63
tagalog,Tagalog,,,,taga1270,taga1270,14.06,121.74700000000001
maranao,Maranao,,,,mara1404,mara1404,7.79414,124.17499999999998
sangir,Sangir,,,,sang1336,sang1336,3,125.5
tausug,Tausug,,,,taus1251,taus1251,5.12236,118.88
javanese,Javanese,,,,java1254,java1254,-7.001,109.287
numfor,Numfor,SHWNG,,,biak1248,biak1248,-0.9523,135.879
seruilaut,Serui-Laut,SHWNG,,,,seru1244,-1.88,136.25
aklanon,Aklanon,,,,akla1240,akla1240,11.55432,122.35413
tobabatak,Toba Batak,,,,bata1289,bata1289,2.35498,99.17609999999999
wolio,Wolio,,,,woli1241,woli1241,-5.33,122.66999999999999
tubetube,Tubetube,,,,bwan1241,bwan1241,-10.6599,151.034
balangaw,Balangaw,,,,bala1310,bala1310,17.0994,121.27199999999999
larike,Larike,,,,lari1256,lari1256,-3.77,127.96
komodo,Komodo,,,,komo1261,komo1261,-8.64518,119.477
manggarai,Manggarai,,,,mang1405,mang1405,-8.55748,120.329
amber,Amber,SHWNG,,,,waig1244,-0.18,130.92
mor,Mor,IJ,,,morb1239,morb1239,-2.85747,132.845
dusner,Dusner,IJ,,,dusn1237,dusn1237,-2.73859,134.39100000000002
waropen,Waropen,,,,waro1242,waro1242,-2.31142,136.63299999999998
kuvalan,Kuvalan,Fma,,,kava1241,kava1241,24.6947,121.645
bilaan,Bilaan,WMP,,,,blaa1241,6.1211,125.1805
kagayanen,Kagayanen,WMP,,,,kaga1256,10.47,119.87
cham,Cham,WMP,,,,cham1328,11.8812,106.258
saban,Saban,WMP,,,,saba1265,3.59,115.66
tolaki,Tolaki,WMP,,,tola1247,tola1247,-4.03577,121.88799999999999
madurese,Madurese,WMP,,,nucl1460,nucl1460,-7,113
sundanese,Sundanese,WMP,,,sund1252,sund1252,-6.89708,107.106
tukangbesi,Tukang Besi,WMP,,,,tuka1247,-5.31,123.58
ngajudayak,Ngaju Dayak,WMP,,,ngaj1237,ngaj1237,-1.58463,112.79400000000001
ilokano,Ilokano,WMP,,,ilok1237,ilok1237,15.9361,120.99300000000001
selaru,Selaru,CMP,,,sela1259,sela1259,-8.18376,130.961
hawu,Hawu,CMP,,,,sabu1255,-10.55,121.85
helong,Helong,CMP,,,,helo1243,-10.26,123.38
tetun,Tetun,CMP,,,,tetu1245,-9.11,125.53
asilulu,Asilulu,CMP,,,asil1242,asil1242,-3.67302,127.952
chamorro,Chamorro,WMP,,,cham1312,cham1312,13.438011,144.74473999999998
malagasy,Malagasy,WMP,,,,mala1537,-20.326260416666663,46.604015625
indonesian,Indonesian,WMP,,,,indo1316,-7.33,109.72
muna,Muna,WMP,,,,muna1247,-5.40,122.54
rotinese,Rotinese,WMP,,,,,,
watubela,Watubela,WMP,,,,watu1247,-4.47,131.64
bima,Bima,CMP,,,,bima1247,-8.57,118.44
konjo,Konjo,CMP,,,,konj1250,-5.340,120.116
leti,Leti,CMP,,,,leti1246,-8.20,127.67
yamdena,Yamdena,CMP,,,,yamd1240,-7.74,131.44
ngadha,Ngadha,CMP,,,,ngad1261,-8.80,120.98
boano,Boano,CMP,,,boan1243,boan1243,0.51152,120.992
nias,Nias,WMP,,,nias1242,nias1242,0.90691,97.49610000000001
sichule,Sichule,WMP,,,siku1242,siku1242,2.69113,95.96360000000001
bikol,Bikol,WMP,,,biko1240,biko1240,13.46,123.55
hova,Hova,WMP,,,,hoav1238,-8.19679,157.595
isneg,Isneg,WMP,,,isna1241,isna1241,18.2139,121.16
taliabo,Taliabo,CMP,,,tali1262,tali1262,-1.79516,124.869
buginese,Buginese,WMP,,,bugi1244,bugi1244,-4.47,119.977
makassarese,Makassarese,WMP,,Makasarese,maka1311,maka1311,-5.65551,119.838
belau,Belau,WMP,,,,pala1344,7.34,134.48
yami,Yami,WMP,,,,yami1254,22.05,121.54
itbayat,Itbayat,WMP,,,,ivat1242,20.77,121.85
manobo,Manobo,WMP,,,,mano1276,8.391250209166687,123.79321982466668
tiruray,Tiruray,WMP,,,,tiru1241,6.77,124.13
aceh,Aceh,WMP,,,,achi1257,3.91,96.60
oldjavanese,Old Javanese,WMP,,,,kawi1241,-7.00,111.00
roti,Roti,CMP,,,Based on citation of ACD forms,rote1234,-10.55,123.31
bajau,Bajau,WMP,,,,indo1317,-3.68664,122.253
ujir,Ujir (Aru Is.),CMP,,Ujir (Aru),,ujir1237,-5.69,134.26
dobel,Dobel,CMP,,,dobe1238,dobe1238,-6.32531,134.638
kola,Kola,CMP,,,kola1285,kola1285,-5.48833,134.592
ambelau,Ambelau,CMP,,,,ambe1248,-3.86,127.20
kei,Kei,CMP,,,,keii1239,-5.64,133.02
ambonesemalay,Ambonese Malay,WMP,,,,ambo1250,-3.71,128.18
tonsea,Tonsea,WMP,,,tons1240,tons1240,1.51393,125.05199999999999
iban,Iban,WMP,,,iban1264,iban1264,2.09041,112.93400000000001
maloh,Maloh,WMP,,,emba1238,emba1238,1.3156,112.63
sika,Sika,WMP,,,sika1262,sika1262,-8.67302,122.38
kankanay,Kankanay,WMP,,,kank1243,kank1243,16.8548,120.689
ivatan,Ivatan,WMP,,,,ibat1238,20.77,121.85
gaddang,Gaddang,WMP,,,gadd1244,gadd1244,16.5468,121.17699999999999
sasak,Sasak,WMP,,,sasa1249,sasa1249,-8.58349,116.284
snuaulu,S. Nuaulu,CMP,,,,sout2895,-3.23,129.15
laiyolo,Laiyolo,WMP,,,laiy1246,laiy1246,-6.45512,120.483
ilongot,Ilongot,WMP,,,ilon1239,ilon1239,16.3785,121.54700000000001
uma,Uma,WMP,,,umaa1242,umaa1242,-1.70416,119.968
yapese,Yapese,Yap,,,,yape1248,9.55811,138.125
emira,Emira,Adm,Admiralties [Adm] | St Matthias,,,emir1237,-1.44,149.62
mussau,Mussau,Adm,Admiralties [Adm] | St Matthias,,,muss1248,-1.44,149.62
tench,Tench,Adm,Admiralties [Adm] | St Matthias,Tenis,,teni1244,-1.65,150.67
aua,Aua,Adm,Admiralties [Adm] | Admiralties proper | Western Admiralties,,,auaa1241,-1.74,142.85
seimat,Seimat,Adm,Admiralties [Adm] | Admiralties proper | Western Admiralties,Ninigo,= Ninigo,seim1238,-1.2666667,144.25
wuvulu,Wuvulu,Adm,Admiralties [Adm] | Admiralties proper | Western Admiralties,,,wuvu1240,-1.74,142.85
kaniet,Kaniet,Adm,Admiralties [Adm] | Admiralties proper | Western Admiralties,,,kani1282,-1.52,145.09
andra,Andra,Adm,Admiralties [Adm] | Admiralties proper | Eastern Admiralties | Manus,,,andr1248,-2.05894,147.085
bipi,Bipi,Adm,Admiralties [Adm] | Admiralties proper | Eastern Admiralties | Manus,,,bipi1237,-2.11115,146.39800000000002
bohuai,Bohuai,Adm,Admiralties [Adm] | Admiralties proper | Eastern Admiralties | Manus,,,bohu1238,-2.14,146.93
drehet,Drehet,Adm,Admiralties [Adm] | Admiralties proper | Eastern Admiralties | Manus,Khehek; Levei-Tulu; Ndrehet,"= Ndrehet, Khehek, Levei-Tulu",dreh1238,-2.07,146.75
ere,Ere,Adm,Admiralties [Adm] | Admiralties proper | Eastern Admiralties | Manus,,,eree1241,-2.15569,147.083
koro,Koro,Adm,Admiralties [Adm] | Admiralties proper | Eastern Admiralties | Manus,,,bowa1234,-2.03429,147.14266999999998
papitalai,Papitalai,Adm,Admiralties [Adm] | Admiralties proper | Eastern Admiralties | Manus,,,papi1254,-2.03429,147.14266999999998
lele,Lele,Adm,Admiralties [Adm] | Admiralties proper | Eastern Admiralties | Manus,,,lele1270,-2.04783,147.207
likum,Likum,Adm,Admiralties [Adm] | Admiralties proper | Eastern Admiralties | Manus,,,liku1243,-2.16157,146.695
loniu,Loniu,Adm,Admiralties [Adm] | Admiralties proper | Eastern Admiralties | Manus,,,loni1238,-2.06124,147.35000000000002
hus,Hus,Adm,Admiralties [Adm] | Admiralties proper | Eastern Admiralties | Manus,,,andr1248,-2.06,147.09
kurti,Kurti,Adm,Admiralties [Adm] | Admiralties proper | Eastern Admiralties | Manus,,,kurt1250,-2.01,147.04
mondropolon,Mondropolon,Adm,Admiralties [Adm] | Admiralties proper | Eastern Admiralties | Manus,,,mond1265,-2.01359,146.931
nali,Nali,Adm,Admiralties [Adm] | Admiralties proper | Eastern Admiralties | Manus,,,nali1245,-2.14273,147.202
nyindrou,Nyindrou,Adm,Admiralties [Adm] | Admiralties proper | Eastern Admiralties | Manus,Lindrou; Nyindou,,nyin1250,-2.1143,146.627
ponam,Ponam,Adm,Admiralties [Adm] | Admiralties proper | Eastern Admiralties | Manus,,,pona1250,-1.91705,146.88700000000003
titan,Titan,Adm,Admiralties [Adm] | Admiralties proper | Eastern Admiralties | Manus,,,tita1241,-2.18168,146.88800000000003
soriharengan,Sori-Harengan,Adm,Admiralties [Adm] | Admiralties proper | Eastern Admiralties | Manus,Sori,,sori1242,-1.98,146.64
pak,Pak,Adm,Admiralties [Adm] | Admiralties proper | Eastern Admiralties | Manus,,Dialect of Pak-Tong,pakk1242,-2.05,147.77
kele,Kele,Adm,Admiralties [Adm] | Admiralties proper | Eastern Admiralties | Manus,,,kele1258,-2.09,147.06
leipon,Leipon,Adm,Admiralties [Adm] | Admiralties proper | Eastern Admiralties | Manus,Pitilu,= Pitilu,leip1237,-1.97,147.23
baluan,Baluan,Adm,Admiralties [Adm] | Admiralties proper | Eastern Admiralties | South-East Admiralties,,,balu1258,-2.5604,147.282
lou,Lou,Adm,Admiralties [Adm] | Admiralties proper | Eastern Admiralties | South-East Admiralties,,,louu1245,-2.38659,147.346
lenkau,Lenkau,Adm,Admiralties [Adm] | Admiralties proper | Eastern Admiralties | South-East Admiralties,,,lenk1247,-2.33,147.74
nauna,Nauna,Adm,Admiralties [Adm] | Admiralties proper | Eastern Admiralties | South-East Admiralties,,,naun1237,-2.21213,148.201
penchal,Penchal,Adm,Admiralties [Adm] | Admiralties proper | Eastern Admiralties | South-East Admiralties,,,penc1239,-2.29891,147.81
bongo,Bongo,SJ,Western Oceanic | Sarmi/Jayapura [SJ] | Sarmi,,,bong1287,-2.28,139.58
sobei,Sobei,SJ,Western Oceanic | Sarmi/Jayapura [SJ] | Sarmi,,,sobe1238,-1.86998,138.75
tarpia,Tarpia,SJ,Western Oceanic | Sarmi/Jayapura [SJ] | Sarmi,,,tarp1240,-2.322279,140.115497
kayupulau,Kayupulau,SJ,Western Oceanic | Sarmi/Jayapura [SJ] | Jayapura,,,kayu1243,-2.54,140.63
tobati,Tobati,SJ,Western Oceanic | Sarmi/Jayapura [SJ] | Jayapura,,,toba1266,-2.56,140.71
ormu,Ormu,SJ,Western Oceanic | Sarmi/Jayapura [SJ] | Jayapura,,,ormu1248,-2.51, 140.60
bam,Bam,NNG,Western Oceanic | North New Guinea [NNG] | Schouten | ManamiKairiru,,,bamm1240,-6.15216,146.513
kaiep,Kaiep,NNG,Western Oceanic | North New Guinea [NNG] | Schouten | ManamiKairiru,,,kaie1237,-3.70524,143.88400000000001
kairiru,Kairiru,NNG,Western Oceanic | North New Guinea [NNG] | Schouten | ManamiKairiru,,,kair1263,-3.34608,143.55800000000002
kis,Kis,NNG,Western Oceanic | North New Guinea [NNG] | Schouten | ManamiKairiru,,,kiss1246,-3.83909,143.96
manam,Manam,NNG,Western Oceanic | North New Guinea [NNG] | Schouten | ManamiKairiru,,,mana1295,-4.07921,145.033
medebur,Medebur,NNG,Western Oceanic | North New Guinea [NNG] | Schouten | ManamiKairiru,,,mede1237,-4.49918,145.425
wogeo,Wogeo,NNG,Western Oceanic | North New Guinea [NNG] | Schouten | ManamiKairiru,Wogeo (Koil),,woge1237,-3.20238,144.089
sepa,Sepa,NNG,Western Oceanic | North New Guinea [NNG] | Schouten | ManamiKairiru,,,sepa1241,-4.27,144.97
terebu,Terebu,NNG,Western Oceanic | North New Guinea [NNG] | Schouten | ManamiKairiru,,,tere1276,-3.69,143.84
ali,Ali,NNG,Western Oceanic | North New Guinea [NNG] | Schouten | Siau,,,alii1241,-3.29,142.66
sissano,Sissano,NNG,Western Oceanic | North New Guinea [NNG] | Schouten | Siau,,,siss1243,-3.0197600000000002,142.04899999999998
sissanoarop,Sissano-Arop,NNG,Western Oceanic | North New Guinea [NNG] | Schouten | Siau,Sissano (Arop),,arop1242,-3.07,142.12
sera,Sera,NNG,Western Oceanic | North New Guinea [NNG] | Schouten | Siau,,,sera1260,-2.99,141.95
tumleo,Tumleo,NNG,Western Oceanic | North New Guinea [NNG] | Schouten | Siau,,,tuml1238,-3.14955,142.346
ulausuain,Ulau-Suain,NNG,Western Oceanic | North New Guinea [NNG] | Schouten | Siau,Ulau; Ulau-S,,ulau1237,-3.32876,142.845
yabem,Yabem,NNG,Western Oceanic | North New Guinea [NNG] | Huon Gulf | North Huon Gulf,,,yabe1254,-6.67052,147.81
kela,Kela,NNG,Western Oceanic | North New Guinea [NNG] | Huon Gulf | North Huon Gulf,,,kela1255,-7.47,147.17
bukawa,Bukawa,NNG,Western Oceanic | North New Guinea [NNG] | Huon Gulf | North Huon Gulf,,,buga1250,-6.68,147.32
adzera,Adzera,NNG,Western Oceanic | North New Guinea [NNG] | Huon Gulf | Markham,,,adze1240,-6.39394,146.29399999999998
mari,Mari,NNG,Western Oceanic | North New Guinea [NNG] | Huon Gulf | Markham,,,mari1429,-5.97,145.83
dangal,Dangal,NNG,Western Oceanic | North New Guinea [NNG] | Huon Gulf | Markham,Danggal,,dang1263,-7.04,146.41
northwatut,North Watut,NNG,Western Oceanic | North New Guinea [NNG] | Huon Gulf | Markham,Unank,,nort2857,-6.64,146.22
maralango,Maralango,NNG,Western Oceanic | North New Guinea [NNG] | Huon Gulf | Markham,S Watut,,mara1402,-7.04,146.41
sirasira,Sirasira,NNG,Western Oceanic | North New Guinea [NNG] | Huon Gulf | Markham,,,sara1323,-6.18,146.40
silisili,Silisili,NNG,Western Oceanic | North New Guinea [NNG] | Huon Gulf | Markham,Middle Watut; Bubwaf,Dialect of Watut,midd1327,-6.88,146.40
duwet,Duwet,NNG,Western Oceanic | North New Guinea [NNG] | Huon Gulf | Markham,,,duwe1237,-6.46,146.84
labu,Labu,NNG,Western Oceanic | North New Guinea [NNG] | Huon Gulf | Markham,,,labu1248,-6.75,146.903
sukurum,Sukurum,NNG,Western Oceanic | North New Guinea [NNG] | Huon Gulf | Markham,,,suku1264,-6.28,146.34
wampar,Wampar,NNG,Western Oceanic | North New Guinea [NNG] | Huon Gulf | Markham,,,wamp1247,-6.67,146.66
wampur,Wampur,NNG,Western Oceanic | North New Guinea [NNG] | Huon Gulf | Markham,,,wamp1248,-6.34,146.13
aribwatsa,Aribwatsa,NNG,Western Oceanic | North New Guinea [NNG] | Huon Gulf | Markham,,,arib1241,-6.72,146.99
musom,Musom,NNG,Western Oceanic | North New Guinea [NNG] | Huon Gulf | Markham,,,muso1238,-6.54,146.93
sirak,Sirak,NNG,Western Oceanic | North New Guinea [NNG] | Huon Gulf | Markham,,,nafi1237,-6.43,146.81
yalu,Yalu,NNG,Western Oceanic | North New Guinea [NNG] | Huon Gulf | Markham,,,arib1240,-6.65,146.92
hote,Hote,NNG,Western Oceanic | North New Guinea [NNG] | Huon Gulf | South Huon Gulf,,,hote1245,-7.07708,146.869
misim,Hote (Misim),NNG,Western Oceanic | North New Guinea [NNG] | Huon Gulf | South Huon Gulf,Misim,Misim dialect of Hote,misi1244,-7.07708,146.869
kaiwa,Kaiwa,NNG,Western Oceanic | North New Guinea [NNG] | Huon Gulf | South Huon Gulf,,,iwal1237,-7.20938,146.983
kapin,Kapin,NNG,Western Oceanic | North New Guinea [NNG] | Huon Gulf | South Huon Gulf,,,kapi1250,-7.06,146.53
maposbuang,Mapos Buang,NNG,Western Oceanic | North New Guinea [NNG] | Huon Gulf | South Huon Gulf,Mapos-Buang,,mapo1242,-6.86672,146.77399999999997
mangga,Mangga,NNG,Western Oceanic | North New Guinea [NNG] | Huon Gulf | South Huon Gulf,Mangga Buang; Manga Buang,Dialect of Buang,mang1404,-7.00,146.69
buang,Buang,NNG,Western Oceanic | North New Guinea [NNG] | Huon Gulf | South Huon Gulf,,,mapo1247,-6.932815,146.7295
numbami,Numbami,NNG,Western Oceanic | North New Guinea [NNG] | Huon Gulf | South Huon Gulf,,,numb1247,-7.52806,147.298
patep,Patep,NNG,Western Oceanic | North New Guinea [NNG] | Huon Gulf | South Huon Gulf,Mumeng (Patep); Mumeng-Patep,,pate1247,-6.92,146.64
vehes,Vehes,NNG,Western Oceanic | North New Guinea [NNG] | Huon Gulf | South Huon Gulf,,,vehe1237,-6.92151,146.895
mumeng,Mumeng,NNG,Western Oceanic | North New Guinea [NNG] | Huon Gulf | South Huon Gulf,,,mume1239,-6.9481850000000005,146.5645
piu,Piu,NNG,Western Oceanic | North New Guinea [NNG] | Huon Gulf | South Huon Gulf,,,piuu1237,-6.97,146.46
mumengdambi,Mumeng (Dambi),NNG,Western Oceanic | North New Guinea [NNG] | Huon Gulf | South Huon Gulf,,,damb1246,-7.01,146.47
kumarumumeng,Kumaru Mumeng,NNG,Western Oceanic | North New Guinea [NNG] | Huon Gulf | South Huon Gulf,Mumeng (Kumaru); Mumeng K,,kuma1278,-7.11,146.57
zenag,Zenag,NNG,Western Oceanic | North New Guinea [NNG] | Huon Gulf | South Huon Gulf,Mumeng (Zenag),,zena1237,-6.94,146.55
bariai,Bariai,NNG,Western Oceanic | North New Guinea [NNG] | Ngero/Vitiaz | Ngero,,,bari1286,-5.5087,148.666
gitua,Gitua,NNG,Western Oceanic | North New Guinea [NNG] | Ngero/Vitiaz | Ngero,,,gitu1237,-6.0151,147.485
kove,Kove,NNG,Western Oceanic | North New Guinea [NNG] | Ngero/Vitiaz | Ngero,,,kove1237,-5.58623,149.63
lusi,Lusi,NNG,Western Oceanic | North New Guinea [NNG] | Ngero/Vitiaz | Ngero,,,lusi1240,-5.55,149.15
malai,Malai,NNG,Western Oceanic | North New Guinea [NNG] | Ngero/Vitiaz | Ngero,,,mala1488,-5.79405,148.014
malalamai,Malalamai,NNG,Western Oceanic | North New Guinea [NNG] | Ngero/Vitiaz | Ngero,,,mala1489,-5.77495,146.642
mandok,Mandok,NNG,Western Oceanic | North New Guinea [NNG] | Ngero/Vitiaz | Ngero,,"A dialect of Mutu, see https://openresearch-repository.anu.edu.au/server/api/core/bitstreams/7ec4a089-add5-4b5d-be30-e8ca1a7b8fa9/content",mutu1242,-5.79, 148.01
mutu,Mutu,NNG,Western Oceanic | North New Guinea [NNG] | Ngero/Vitiaz | Ngero,,,mutu1242,-5.79405,148.01399999999998
tuam,Tuam,NNG,Western Oceanic | North New Guinea [NNG] | Ngero/Vitiaz | Ngero,Tuam-Mutu,,tuam1243,-6.02,147.49
bilibil,Bilibil,NNG,Western Oceanic | North New Guinea [NNG] | Ngero/Vitiaz | Bel,Bilbil,= Bilbil,bilb1241,-5.26505,145.76399999999998
bing,Bing,NNG,Western Oceanic | North New Guinea [NNG] | Ngero/Vitiaz | Bel,Awad Bing; Biliau,,awad1244,-5.60,146.35
swit,Swit,NNG,Western Oceanic | North New Guinea [NNG] | Ngero/Vitiaz | Bel,,,suit1237,-5.60,146.35
dami,Dami,NNG,Western Oceanic | North New Guinea [NNG] | Ngero/Vitiaz | Bel,Ham,,mari1428,-5.349,145.59
gedaged,Gedaged,NNG,Western Oceanic | North New Guinea [NNG] | Ngero/Vitiaz | Bel,,,geda1237,-5.18175,145.781
riwo,Riwo,NNG,Western Oceanic | North New Guinea [NNG] | Ngero/Vitiaz | Bel,Ziwo; Zivo,= dialect of Gedaged,geda1237,-5.18175,145.781
matukar,Matukar,NNG,Western Oceanic | North New Guinea [NNG] | Ngero/Vitiaz | Bel,,,matu1261,-4.91,145.78
megiar,Megiar,NNG,Western Oceanic | North New Guinea [NNG] | Ngero/Vitiaz | Bel,,,megi1245,-4.69057,145.975
mindiri,Mindiri,NNG,Western Oceanic | North New Guinea [NNG] | Ngero/Vitiaz | Bel,,,mind1255,-5.5,146.15
takia,Takia,NNG,Western Oceanic | North New Guinea [NNG] | Ngero/Vitiaz | Bel,,,taki1248,-4.69057,145.975
wab,Wab,NNG,Western Oceanic | North New Guinea [NNG] | Ngero/Vitiaz | Bel,,,wabb1237,-5.61216,146.461
amara,Amara,NNG,Western Oceanic | North New Guinea [NNG] | Ngero/Vitiaz | Vitiaz Strait (areal grouping only),,,amar1272,-5.55778,148.68
barim,Barim,NNG,Western Oceanic | North New Guinea [NNG] | Ngero/Vitiaz | Vitiaz Strait (areal grouping only),,,karn1252,-5.74133,147.917
kilenge,Kilenge,NNG,Western Oceanic | North New Guinea [NNG] | Ngero/Vitiaz | Vitiaz Strait (areal grouping only),,,kile1242,-5.61613,148.445
maleu,Maleu,NNG,Western Oceanic | North New Guinea [NNG] | Ngero/Vitiaz | Vitiaz Strait (areal grouping only),,,male1290,-5.62, 148.44
mato,Mato,NNG,Western Oceanic | North New Guinea [NNG] | Ngero/Vitiaz | Vitiaz Strait (areal grouping only),Nenaya,"= Nenaya, Nengaya",mato1252,-5.92,146.86
lukeppono,Lukep (Pono),NNG,Western Oceanic | North New Guinea [NNG] | Ngero/Vitiaz | Vitiaz Strait (areal grouping only),Arop-Lokep; Arop-Lukep; Lukep Pono; Lukep-Pono,= Arop-Lokep,arop1243,-5.31671,147.10299999999998
lukep,Lukep,NNG,Western Oceanic | North New Guinea [NNG] | Ngero/Vitiaz | Vitiaz Strait (areal grouping only),,,arop1243,-5.31671,147.10299999999998
malasanga,Malasanga,NNG,Western Oceanic | North New Guinea [NNG] | Ngero/Vitiaz | Vitiaz Strait (areal grouping only),,,mala1487,-5.9401,147.05800000000002
mangap,Mangap,NNG,Western Oceanic | North New Guinea [NNG] | Ngero/Vitiaz | Vitiaz Strait (areal grouping only),Kairnanga; Mangap-Mbula; Mbula; Mangap-M.; Mangap Mb.; Mangap Mbula; Mangap Mb,"= Mangap-Mbula, Kaimanga",mbul1263,-5.66965,148.041
roinji,Roinji,NNG,Western Oceanic | North New Guinea [NNG] | Ngero/Vitiaz | Vitiaz Strait (areal grouping only),,,ronj1237,-5.80782,146.731
singorakai,Singorakai,NNG,Western Oceanic | North New Guinea [NNG] | Ngero/Vitiaz | Vitiaz Strait (areal grouping only),,,sing1268,-5.9401,147.058
sio,Sio,NNG,Western Oceanic | North New Guinea [NNG] | Ngero/Vitiaz | Vitiaz Strait (areal grouping only),,,sioo1240,-5.96037,147.353
tami,Tami,NNG,Western Oceanic | North New Guinea [NNG] | Ngero/Vitiaz | Vitiaz Strait (areal grouping only),,,tami1290,-6.70017,147.732
akolet,Akolet,NNG,Western Oceanic | North New Guinea [NNG] | Ngero/Vitiaz | Southwest New Britain,,,akol1237,-6.22711,150.18200000000002
psohoh,Psohoh,NNG,Western Oceanic | North New Guinea [NNG] | Ngero/Vitiaz | Southwest New Britain,,,apso1237,-5.99,150.27
arawe,Arawe,NNG,Western Oceanic | North New Guinea [NNG] | Ngero/Vitiaz | Southwest New Britain,,,araw1283,-6.29,149.96
arove,Arove,NNG,Western Oceanic | North New Guinea [NNG] | Ngero/Vitiaz | Southwest New Britain,,,solo1258,-5.86,148.82
avau,Avau,NNG,Western Oceanic | North New Guinea [NNG] | Ngero/Vitiaz | Southwest New Britain,,,avau1237,-6.24,150.43
aria,Aria,NNG,Western Oceanic | North New Guinea [NNG] | Ngero/Vitiaz | Southwest New Britain,,,mouk1239,-5.71155,149.15800000000002
atui,Atui,NNG,Western Oceanic | North New Guinea [NNG] | Ngero/Vitiaz | Southwest New Britain,,,geli1237,-6.19889,150.506
bebeli,Bebeli,NNG,Western Oceanic | North New Guinea [NNG] | Ngero/Vitiaz | Southwest New Britain,,,bebe1252,-5.63282,150.323
mangseng,Mangseng,NNG,Western Oceanic | North New Guinea [NNG] | Ngero/Vitiaz | Southwest New Britain,,,mang1403,-5.89752,150.68
rauto,Rauto,NNG,Western Oceanic | North New Guinea [NNG] | Ngero/Vitiaz | Southwest New Britain,,,puli1237,-5.87071,149.321
sengseng,Sengseng,NNG,Western Oceanic | North New Guinea [NNG] | Ngero/Vitiaz | Southwest New Britain,,,seng1281,-6.16474,149.784
kaulong,Kaulong,NNG,Western Oceanic | North New Guinea [NNG] | Ngero/Vitiaz | Southwest New Britain,,,kaul1240,-6.08,149.70
pasismanua,Pasismanua,NNG,Western Oceanic | North New Guinea [NNG] | Ngero/Vitiaz | Southwest New Britain,,,pasi1254,-6.021,149.874
mouk,Mouk,NNG,Western Oceanic | North New Guinea [NNG] | Ngero/Vitiaz | Southwest New Britain,,= Mok,mouk1240,-5.71,149.16
lamogai,Lamogai,NNG,Western Oceanic | North New Guinea [NNG] | Ngero/Vitiaz | Southwest New Britain,,,lamo1244,-5.87,149.32
lamogairauto,Lamogai-Rauto,NNG,Western Oceanic | North New Guinea [NNG] | Ngero/Vitiaz | Southwest New Britain,,,puli1237,-5.87,149.32
apalik,Apalik,NNG,Western Oceanic | North New Guinea [NNG] | Ngero/Vitiaz | Southwest New Britain,,,apal1255,-6.29,149.96
poeng,Poeng,NNG,Western Oceanic | North New Guinea [NNG] | Ngero/Vitiaz | Mengen family,Maenge; Mengen (Poeng); Mengen (Maenge),,sout2876,-5.47036,151.373
uvol,Uvol,NNG,Western Oceanic | North New Guinea [NNG] | Ngero/Vitiaz | Mengen family,,,lote1237,-5.954,150.911
mamusi,Mamusi,NNG,Western Oceanic | North New Guinea [NNG] | Ngero/Vitiaz | Mengen family,Kakuna; Mamusi (Kakuna),,mamu1254,-5.85,151.03
maeng,Maeng,NNG,Western Oceanic | North New Guinea [NNG] | Ngero/Vitiaz | Mengen family,Mengen,,meng1267,-5.47,151.37
longeinga,Longeinga,NNG,Western Oceanic | North New Guinea [NNG] | Ngero/Vitiaz | Mengen family,,= Bush Mengen,bush1249,-5.47,151.37
suau,Suau,PT,Western Oceanic | Papuan Tip [PT] | Nuclear Papuan Tip | Suauic,,,suau1242,-10.6606,150.20999999999998
bohutu,Bohutu,PT,Western Oceanic | Papuan Tip [PT] | Nuclear Papuan Tip | Suauic,,,buhu1237,-10.51,150.18
auhelawa,'Auhelawa,PT,Western Oceanic | Papuan Tip [PT] | Nuclear Papuan Tip | Suauic,,,auhe1237,-10.10,151.00
wagawaga,Wagawaga,PT,Western Oceanic | Papuan Tip [PT] | Nuclear Papuan Tip | Suauic,,,waga1268,-10.42,150.38
suaudaui,Suau (Daui),PT,Western Oceanic | Papuan Tip [PT] | Nuclear Papuan Tip | Suauic,Daui,= dialect of Suau,daui1237,-10.6606,150.21
sariba,Sariba,PT,Western Oceanic | Papuan Tip [PT] | Nuclear Papuan Tip | Suauic,Suau (Kwato); Kwato Suau; Saliba; Suau (Saliba),"= Saliba, dialect of Suau",sali1295,-10.6148,150.727
anuki,Anuki,PT,Western Oceanic | Papuan Tip [PT] | Nuclear Papuan Tip | North Mainland/D'Entrecasteaux,,,anuk1239,-9.6692,149.82200000000003
kakabai,Kakabai,PT,Western Oceanic | Papuan Tip [PT] | Nuclear Papuan Tip | North Mainland/D'Entrecasteaux,,,kaka1267,-10.2976,150.02700000000002
dawawa,Dawawa,PT,Western Oceanic | Papuan Tip [PT] | Nuclear Papuan Tip | North Mainland/D'Entrecasteaux,,,dawa1242,-10.17,150.00
gumawana,Gumawana,PT,Western Oceanic | Papuan Tip [PT] | Nuclear Papuan Tip | North Mainland/D'Entrecasteaux,Gumasi,= Gumasi,guma1254,-9.28497,150.762
bunama,Bunama,PT,Western Oceanic | Papuan Tip [PT] | Nuclear Papuan Tip | North Mainland/D'Entrecasteaux | Dobu/Duau,,,buna1276,-10.08,151.07
dobu,Dobu,PT,Western Oceanic | Papuan Tip [PT] | Nuclear Papuan Tip | North Mainland/D'Entrecasteaux | Dobu/Duau,Dobuan,,dobu1241,-9.63239,150.82500000000002
duau,Duau,PT,Western Oceanic | Papuan Tip [PT] | Nuclear Papuan Tip | North Mainland/D'Entrecasteaux | Dobu/Duau,,,duau1237,-10.187,151.218
galea,Galea,PT,Western Oceanic | Papuan Tip [PT] | Nuclear Papuan Tip | North Mainland/D'Entrecasteaux | Dobu/Duau,,= Galeya,gale1257,-9.54,150.84
sewabay,Sewa Bay,PT,Western Oceanic | Papuan Tip [PT] | Nuclear Papuan Tip | North Mainland/D'Entrecasteaux | Dobu/Duau,,,sewa1251,-10.0277,150.95600000000002
bwaidoga,Bwaidoga,PT,Western Oceanic | Papuan Tip [PT] | Nuclear Papuan Tip | North Mainland/D'Entrecasteaux | Bwaidoga,,,bwai1243,-9.51158,150.297
iamalele,Iamalele,PT,Western Oceanic | Papuan Tip [PT] | Nuclear Papuan Tip | North Mainland/D'Entrecasteaux | Bwaidoga,Yamalele,,iama1237,-9.45,150.57
iduna,Iduna,PT,Western Oceanic | Papuan Tip [PT] | Nuclear Papuan Tip | North Mainland/D'Entrecasteaux | Bwaidoga,,= dialect of Bwaidoga?,idun1242,-9.34361,150.23999999999998
kalauna,Kalauna,PT,Western Oceanic | Papuan Tip [PT] | Nuclear Papuan Tip | North Mainland/D'Entrecasteaux | Bwaidoga,,= subdialect of Iduna,kala1387,-9.34,150.24
kalokalo,Kalokalo,PT,Western Oceanic | Papuan Tip [PT] | Nuclear Papuan Tip | North Mainland/D'Entrecasteaux | Bwaidoga,,,kolu1245,-9.42742,150.46200000000002
molima,Molima,PT,Western Oceanic | Papuan Tip [PT] | Nuclear Papuan Tip | North Mainland/D'Entrecasteaux | Bwaidoga,,,moli1248,-9.57457,150.61399999999998
diodio,Diodio,PT,Western Oceanic | Papuan Tip [PT] | Nuclear Papuan Tip | North Mainland/D'Entrecasteaux | Bwaidoga,,,diod1237,-9.39,150.17
are,Are,PT,Western Oceanic | Papuan Tip [PT] | Nuclear Papuan Tip | North Mainland/D'Entrecasteaux | Are/Taupota,,,aree1239,-9.67147,149.999
boanaki,Boanaki,PT,Western Oceanic | Papuan Tip [PT] | Nuclear Papuan Tip | North Mainland/D'Entrecasteaux | Are/Taupota,,,ghay1237,-10.01,149.84
arifama,Arifama,PT,Western Oceanic | Papuan Tip [PT] | Nuclear Papuan Tip | North Mainland/D'Entrecasteaux | Are/Taupota,,,arif1240,-9.15565,149.246
doga,Doga,PT,Western Oceanic | Papuan Tip [PT] | Nuclear Papuan Tip | North Mainland/D'Entrecasteaux | Are/Taupota,,,doga1238,-9.64,149.84
gapapaiwa,Gapapaiwa,PT,Western Oceanic | Papuan Tip [PT] | Nuclear Papuan Tip | North Mainland/D'Entrecasteaux | Are/Taupota,Paiwa,= Paiwa,gapa1238,-9.73317,149.854
minaveha,Minaveha,PT,Western Oceanic | Papuan Tip [PT] | Nuclear Papuan Tip | North Mainland/D'Entrecasteaux | Are/Taupota,Kukuya,= Kukuya,mina1269,-9.59922,150.501
maisin,Maisin,PT,Western Oceanic | Papuan Tip [PT] | Nuclear Papuan Tip | North Mainland/D'Entrecasteaux | Are/Taupota,,,mais1250,-9.23,148.73
tawala,Tawala,PT,Western Oceanic | Papuan Tip [PT] | Nuclear Papuan Tip | North Mainland/D'Entrecasteaux | Are/Taupota,,,tawa1275,-10.3115,150.64399999999998
taupota,Taupota,PT,Western Oceanic | Papuan Tip [PT] | Nuclear Papuan Tip | North Mainland/D'Entrecasteaux | Are/Taupota,,,taup1242,-10.23,150.37
ubir,Ubir,PT,Western Oceanic | Papuan Tip [PT] | Nuclear Papuan Tip | North Mainland/D'Entrecasteaux | Are/Taupota,,,ubir1237,-9.59044,149.39600000000002
wedau,Wedau,PT,Western Oceanic | Papuan Tip [PT] | Nuclear Papuan Tip | North Mainland/D'Entrecasteaux | Are/Taupota,,,weda1241,-10.1246,150.172
bartiebay,Bartie Bay,PT,Western Oceanic | Papuan Tip [PT] | Nuclear Papuan Tip | North Mainland/D'Entrecasteaux | Are/Taupota,,= Dialect of Wedau,weda1241,-10.1246,150.172
misima,Misima,PT,Western Oceanic | Papuan Tip [PT] | Kilivila/Misima,,,misi1243,-10.6821,152.696
kilivila,Kilivila,PT,Western Oceanic | Papuan Tip [PT] | Kilivila/Misima | Kilivila,Kiriwina; Kiriwinan,= Kiriwina,kili1267,-8.72574,151.072
muyuw,Muyuw,PT,Western Oceanic | Papuan Tip [PT] | Kilivila/Misima | Kilivila,,,muyu1244,-9.195,152.731
budibud,Budibud,PT,Western Oceanic | Papuan Tip [PT] | Kilivila/Misima | Kilivila,,,budi1249,-9.30,153.69
nimoa,Nimoa,PT,Western Oceanic | Papuan Tip [PT] | Nimoa/Sudest,,,nimo1246,-11.2297,153.15800000000002
sudest,Sudest,PT,Western Oceanic | Papuan Tip [PT] | Nimoa/Sudest,Sudest (Varavarae),,sude1239,-11.5229,153.48800000000003
balawaia,Balawaia,PT,Western Oceanic | Papuan Tip [PT] | Central Papuan,,= dialect of Sinaugoro,bala1307,-9.79791,147.861
gabadi,Gabadi,PT,Western Oceanic | Papuan Tip [PT] | Central Papuan,,,abad1241,-9.03389,146.99200000000002
hula,Hula,PT,Western Oceanic | Papuan Tip [PT] | Central Papuan,Keapara; Keapara Hula,= dialect of Keapara,hula1239,-9.99427,147.70499999999998
aroma,Aroma,PT,Western Oceanic | Papuan Tip [PT] | Central Papuan,,= dialect of Keapara,arom1238,-10.1342,147.95
kuni,Kuni,PT,Western Oceanic | Papuan Tip [PT] | Central Papuan,,,kuni1263,-8.66368,146.874
lala,Lala,PT,Western Oceanic | Papuan Tip [PT] | Central Papuan,'Ala'ala; Nara; Pokau; ’Ala’ala,"= Nara, 'Ala'ala, Pokau",lala1268,-8.93195,146.74899999999997
magori,Magori,PT,Western Oceanic | Papuan Tip [PT] | Central Papuan,,,mago1248,-10.2321,149.26
ouma,Ouma,PT,Western Oceanic | Papuan Tip [PT] | Central Papuan,,,ouma1237,-10.23,149.10
maopa,Maopa,PT,Western Oceanic | Papuan Tip [PT] | Central Papuan,Keapara,= dialect of Keapara,maop1237,-10.1342,147.95
motu,Motu,PT,Western Oceanic | Papuan Tip [PT] | Central Papuan,,,motu1246,-9.67492,147.424
roro,Roro,PT,Western Oceanic | Papuan Tip [PT] | Central Papuan,,,roro1238,-8.67145,146.544
mekeo,Mekeo,PT,Western Oceanic | Papuan Tip [PT] | Central Papuan,Mekeo (East); E Mekeo,,meke1243,-8.24,146.59
yoba,Yoba,PT,Western Oceanic | Papuan Tip [PT] | Central Papuan,,,yoba1237,-10.22,149.28
wmekeo,W Mekeo,PT,Western Oceanic | Papuan Tip [PT] | Central Papuan,,,west2528,-8.24,146.59
nmekeo,N Mekeo,PT,Western Oceanic | Papuan Tip [PT] | Central Papuan,,,,,
doura,Doura,PT,Western Oceanic | Papuan Tip [PT] | Central Papuan,,,tour1243,-9.10,146.99
sinaugoro,Sinaugoro,PT,Western Oceanic | Papuan Tip [PT] | Central Papuan,,,sina1266,-9.79791,147.86100000000002
taboro,Taboro,PT,Western Oceanic | Papuan Tip [PT] | Central Papuan,,= dialect of Sinaugoro,tabo1240,-9.79791,147.861
poe,Poe,MM,Western Oceanic | Meso-Melanesian [MM],,,,,
bali,Bali,MM,Western Oceanic | Meso-Melanesian [MM] | Bali- Vitu,,,unea1237,-4.89383,149.141
vitu,Vitu,MM,Western Oceanic | Meso-Melanesian [MM] | Bali- Vitu,Bali Vitu,,mudu1242,-4.69751,149.489
balivitu,Bali-Vitu,MM,Western Oceanic | Meso-Melanesian [MM] | Bali- Vitu,,,bali1280,-4.879164320999905,149.18043053500003
bola,Bola,MM,Western Oceanic | Meso-Melanesian [MM] | Willaumez,,,bola1250,-5.55792,150.095
bolaharua,Bola (Harua),MM,Western Oceanic | Meso-Melanesian [MM] | Willaumez,Harua; Bola-Harua; Bola Harua,= dialect of Bola,haru1243,-5.55792,150.095
bulu,Bulu,MM,Western Oceanic | Meso-Melanesian [MM] | Willaumez,,,bulu1253,-5.06,150.10
meramera,Meramera,MM,Western Oceanic | Meso-Melanesian [MM] | Willaumez,,,mera1242,-4.97468,151.52800000000002
nakanai,Nakanai,MM,Western Oceanic | Meso-Melanesian [MM] | Willaumez,Lakalai,= Lakalai,naka1262,-5.59931,150.88800000000003
bileki,Bileki,MM,Western Oceanic | Meso-Melanesian [MM] | Willaumez,Nakanai (Bileki),,bile1245,-5.60,150.89
maututu,Maututu,MM,Western Oceanic | Meso-Melanesian [MM] | Willaumez,Nakanai (Maututu),,maut1237,-5.60, 150.89
tomoip,Tomoip,MM,Western Oceanic | Meso-Melanesian [MM] | New Ireland/Northwest Solomonic,,,tomo1244,-5.31,151.83
kara,Kara,MM,Western Oceanic | Meso-Melanesian [MM] | New Ireland/Northwest Solomonic | Tungag/Nalik family,,,kara1486,-2.82,151.11
karaeast,Kara (East),MM,Western Oceanic | Meso-Melanesian [MM] | New Ireland/Northwest Solomonic | Tungag/Nalik family,Kara (E); E Kara,,east2453,-2.82,151.11
karawest,Kara (West),MM,Western Oceanic | Meso-Melanesian [MM] | New Ireland/Northwest Solomonic | Tungag/Nalik family,W. Kara; Kara (W); W Kara,,west2524,-2.82,151.11
lavongai,Lavongai,MM,Western Oceanic | Meso-Melanesian [MM] | New Ireland/Northwest Solomonic | Tungag/Nalik family,,,tung1290,-2.52188,150.198
nalik,Nalik,MM,Western Oceanic | Meso-Melanesian [MM] | New Ireland/Northwest Solomonic | Tungag/Nalik family,,,nali1244,-2.94411,151.33200000000002
tiang,Tiang,MM,Western Oceanic | Meso-Melanesian [MM] | New Ireland/Northwest Solomonic | Tungag/Nalik family,,,tian1237,-2.95505,150.935
tigak,Tigak,MM,Western Oceanic | Meso-Melanesian [MM] | New Ireland/Northwest Solomonic | Tungag/Nalik family,,,tiga1245,-2.70951,150.893
lihir,Lihir,MM,Western Oceanic | Meso-Melanesian [MM] | New Ireland/Northwest Solomonic | Tabar linkage,,,lihi1237,-3.18895,152.606
notsi,Notsi,MM,Western Oceanic | Meso-Melanesian [MM] | New Ireland/Northwest Solomonic | Tabar linkage,Nochi,,nots1237,-3.0557,151.661
tabar,Tabar,MM,Western Oceanic | Meso-Melanesian [MM] | New Ireland/Northwest Solomonic | Tabar linkage,,,mand1440,-2.7828,151.95600000000002
barok,Barok,MM,Western Oceanic | Meso-Melanesian [MM] | New Ireland/Northwest Solomonic | Madak linkage,,,baro1253,-3.47672,152.19299999999998
lamasong,Lamasong,MM,Western Oceanic | Meso-Melanesian [MM] | New Ireland/Northwest Solomonic | Madak linkage,,,lamu1255,-3.21903,151.728
madak,Madak,MM,Western Oceanic | Meso-Melanesian [MM] | New Ireland/Northwest Solomonic | Madak linkage,Mandak,,mada1285,-3.34342,151.967
bilur,Bilur,MM,Western Oceanic | Meso-Melanesian [MM] | New Ireland/Northwest Solomonic | St George linkage | South New Ireland,,,bilu1244,-4.39732,152.334
kandas,Kandas,MM,Western Oceanic | Meso-Melanesian [MM] | New Ireland/Northwest Solomonic | St George linkage | South New Ireland,,,kand1301,-4.3652,152.781
konomala,Konomala,MM,Western Oceanic | Meso-Melanesian [MM] | New Ireland/Northwest Solomonic | St George linkage | South New Ireland,,,kono1269,-4.16184,152.87
label,Label,MM,Western Oceanic | Meso-Melanesian [MM] | New Ireland/Northwest Solomonic | St George linkage | South New Ireland,,,labe1239,-4.46971,152.678
minigir,Minigir,MM,Western Oceanic | Meso-Melanesian [MM] | New Ireland/Northwest Solomonic | St George linkage | South New Ireland,,,mini1251,-4.31803,152.005
patpatar,Patpatar,MM,Western Oceanic | Meso-Melanesian [MM] | New Ireland/Northwest Solomonic | St George linkage | South New Ireland,,,patp1243,-3.74711,152.493
ramoaaina,Ramoaaina,MM,Western Oceanic | Meso-Melanesian [MM] | New Ireland/Northwest Solomonic | St George linkage | South New Ireland,Duke of York,= Duke of York,ramo1244,-4.17306,152.45100000000002
siar,Siar,MM,Western Oceanic | Meso-Melanesian [MM] | New Ireland/Northwest Solomonic | St George linkage | South New Ireland,,,siar1238,-4.62059,152.89200000000002
sursurunga,Sursurunga,MM,Western Oceanic | Meso-Melanesian [MM] | New Ireland/Northwest Solomonic | St George linkage | South New Ireland,Sursuranga,,surs1246,-3.99078,152.768
tangga,Tangga,MM,Western Oceanic | Meso-Melanesian [MM] | New Ireland/Northwest Solomonic | St George linkage | South New Ireland,Tanga,= Tanga,tang1348,-4.08824,153.611
susurunga,Susurunga,MM,Western Oceanic | Meso-Melanesian [MM] | New Ireland/Northwest Solomonic | St George linkage | South New Ireland,,,surs1246,-3.99,152.77
tolai,Tolai,MM,Western Oceanic | Meso-Melanesian [MM] | New Ireland/Northwest Solomonic | St George linkage | South New Ireland,Kuanua; Raluana; Tuna,"= Kuanua, Raluana, Tuna",kuan1248,-4.30986,152.11399999999998
tolainodup,Tolai–Nodup,MM,Western Oceanic | Meso-Melanesian [MM] | New Ireland/Northwest Solomonic | St George linkage | South New Ireland,Tolai (Nodup),,nodu1236,-4.31,152.11
tolaimatupit,Tolai (Matupit),MM,Western Oceanic | Meso-Melanesian [MM] | New Ireland/Northwest Solomonic | St George linkage | South New Ireland,,,matu1260,-4.31,152.11
banoni,Banoni,MM,Western Oceanic | Meso-Melanesian [MM] | New Ireland/Northwest Solomonic | St George linkage | Northwest Solomonic linkage,,,bann1247,-6.23061,155.12800000000001
piva,Piva,MM,Western Oceanic | Meso-Melanesian [MM] | New Ireland/Northwest Solomonic | St George linkage | Northwest Solomonic linkage,,,lawu1237,-6.15,155.13
hahon,Hahon,MM,Western Oceanic | Meso-Melanesian [MM] | New Ireland/Northwest Solomonic | St George linkage | Northwest Solomonic linkage | Nehan/North Bougainville,,,haho1237,-5.59031,154.80100000000002
halia,Halia,MM,Western Oceanic | Meso-Melanesian [MM] | New Ireland/Northwest Solomonic | St George linkage | Northwest Solomonic linkage | Nehan/North Bougainville,Haku; Hanahan; Selau; Halia (Selau); Halia (Haku); Halia-Haku,"= Hanahan, Halia (Haku, Halia",hali1244,-5.26603,154.662
nehan,Nehan,MM,Western Oceanic | Meso-Melanesian [MM] | New Ireland/Northwest Solomonic | St George linkage | Northwest Solomonic linkage | Nehan/North Bougainville,,= Nissan,neha1247,-4.56875,154.2
papapana,Papapana,MM,Western Oceanic | Meso-Melanesian [MM] | New Ireland/Northwest Solomonic | St George linkage | Northwest Solomonic linkage | Nehan/North Bougainville,,,papa1265,-5.92,155.29
petats,Petats,MM,Western Oceanic | Meso-Melanesian [MM] | New Ireland/Northwest Solomonic | St George linkage | Northwest Solomonic linkage | Nehan/North Bougainville,,,peta1245,-5.34068,154.593
solos,Solos,MM,Western Oceanic | Meso-Melanesian [MM] | New Ireland/Northwest Solomonic | St George linkage | Northwest Solomonic linkage | Nehan/North Bougainville,,,solo1257,-5.41042,154.624
taiof,Taiof,MM,Western Oceanic | Meso-Melanesian [MM] | New Ireland/Northwest Solomonic | St George linkage | Northwest Solomonic linkage | Nehan/North Bougainville,,,taio1240,-5.64103,154.732
teop,Teop,MM,Western Oceanic | Meso-Melanesian [MM] | New Ireland/Northwest Solomonic | St George linkage | Northwest Solomonic linkage | Nehan/North Bougainville,,,teop1238,-5.67474,154.971
tinputz,Tinputz,MM,Western Oceanic | Meso-Melanesian [MM] | New Ireland/Northwest Solomonic | St George linkage | Northwest Solomonic linkage | Nehan/North Bougainville,,,tinp1237,-5.58358,154.972
monoalu,Mono-Alu,MM,Western Oceanic | Meso-Melanesian [MM] | New Ireland/Northwest Solomonic | St George linkage | Northwest Solomonic linkage | Mono-Alu/Torau,Mon-Alu; Mono Alu,,mono1273,-7.05102,155.76
mono,Mono,MM,Western Oceanic | Meso-Melanesian [MM] | New Ireland/Northwest Solomonic | St George linkage | Northwest Solomonic linkage | Mono-Alu/Torau,,Dialect of Mono-Alu,mono1274,-7.05102,155.76
alu,Alu,MM,Western Oceanic | Meso-Melanesian [MM] | New Ireland/Northwest Solomonic | St George linkage | Northwest Solomonic linkage | Mono-Alu/Torau,,Dialect of Mono-Alu,aluu1243,-7.05,155.76
torau,Torau,MM,Western Oceanic | Meso-Melanesian [MM] | New Ireland/Northwest Solomonic | St George linkage | Northwest Solomonic linkage | Mono-Alu/Torau,,,tora1259,-6.19922,155.496
uruava,Uruava,MM,Western Oceanic | Meso-Melanesian [MM] | New Ireland/Northwest Solomonic | St George linkage | Northwest Solomonic linkage | Mono-Alu/Torau,,,urua1242,-6.23,155.57
babatana,Babatana,MM,Western Oceanic | Meso-Melanesian [MM] | New Ireland/Northwest Solomonic | St George linkage | Northwest Solomonic linkage | Choiseul,,,baba1268,-7.22281,157.14899999999997
avaso,Avaso,MM,Western Oceanic | Meso-Melanesian [MM] | New Ireland/Northwest Solomonic | St George linkage | Northwest Solomonic linkage | Choiseul,,,avas1237,-7.22,157.15
katazi,Katazi,MM,Western Oceanic | Meso-Melanesian [MM] | New Ireland/Northwest Solomonic | St George linkage | Northwest Solomonic linkage | Choiseul,,Dialect of Babatana,kata1267,-7.22281,157.14899999999997
ririo,Ririo,MM,Western Oceanic | Meso-Melanesian [MM] | New Ireland/Northwest Solomonic | St George linkage | Northwest Solomonic linkage | Choiseul,,,riri1237,-6.88927,156.92000000000002
sisiqa,Sisiqa,MM,Western Oceanic | Meso-Melanesian [MM] | New Ireland/Northwest Solomonic | St George linkage | Northwest Solomonic linkage | Choiseul,Sengga; Sisingga,= Sengga; = Sisingga,sisi1250,-7,156.83
vaghua,Vaghua,MM,Western Oceanic | Meso-Melanesian [MM] | New Ireland/Northwest Solomonic | St George linkage | Northwest Solomonic linkage | Choiseul,,,vagh1249,-6.68712,156.542
varisi,Varisi,MM,Western Oceanic | Meso-Melanesian [MM] | New Ireland/Northwest Solomonic | St George linkage | Northwest Solomonic linkage | Choiseul,Varise; Varese,,vari1239,-6.83443,156.655
hoava,Hoava,MM,Western Oceanic | Meso-Melanesian [MM] | New Ireland/Northwest Solomonic | St George linkage | Northwest Solomonic linkage | New Georgia,,,hoav1238,-8.19679,157.595
kusaghe,Kusaghe,MM,Western Oceanic | Meso-Melanesian [MM] | New Ireland/Northwest Solomonic | St George linkage | Northwest Solomonic linkage | New Georgia,,,kusa1253,-8.04,157.46
nduke,Nduke,MM,Western Oceanic | Meso-Melanesian [MM] | New Ireland/Northwest Solomonic | St George linkage | Northwest Solomonic linkage | New Georgia,,,duke1237,-7.97768,157.064
roviana,Roviana,MM,Western Oceanic | Meso-Melanesian [MM] | New Ireland/Northwest Solomonic | St George linkage | Northwest Solomonic linkage | New Georgia,,,rovi1238,-8.20493,157.40800000000002
vagunu,Vagunu,MM,Western Oceanic | Meso-Melanesian [MM] | New Ireland/Northwest Solomonic | St George linkage | Northwest Solomonic linkage | New Georgia,,,vang1243,-8.67,158.00
marovo,Marovo,MM,Western Oceanic | Meso-Melanesian [MM] | New Ireland/Northwest Solomonic | St George linkage | Northwest Solomonic linkage | New Georgia,,,maro1244,-8.38,157.75
simbo,Simbo,MM,Western Oceanic | Meso-Melanesian [MM] | New Ireland/Northwest Solomonic | St George linkage | Northwest Solomonic linkage | New Georgia,,,simb1256,-8.26947,156.541
vangunu,Vangunu,MM,Western Oceanic | Meso-Melanesian [MM] | New Ireland/Northwest Solomonic | St George linkage | Northwest Solomonic linkage | New Georgia,,,vang1243,-8.67,158.00
bareke,Bareke,MM,Western Oceanic | Meso-Melanesian [MM] | New Ireland/Northwest Solomonic | St George linkage | Northwest Solomonic linkage | New Georgia,,Dialect of Vangunu,bare1273,-8.67,158.00
ghanongga,Ghanongga,MM,Western Oceanic | Meso-Melanesian [MM] | New Ireland/Northwest Solomonic | St George linkage | Northwest Solomonic linkage | New Georgia,Kubokota,,ghan1242,-8.02,156.55
kubukota,Kubukota,MM,Western Oceanic | Meso-Melanesian [MM] | New Ireland/Northwest Solomonic | St George linkage | Northwest Solomonic linkage | New Georgia,,,kubo1244,-8.02,156.55
ughele,Ughele,MM,Western Oceanic | Meso-Melanesian [MM] | New Ireland/Northwest Solomonic | St George linkage | Northwest Solomonic linkage | New Georgia,,,ughe1237,-8.46,157.34
lungga,Lungga,MM,Western Oceanic | Meso-Melanesian [MM] | New Ireland/Northwest Solomonic | St George linkage | Northwest Solomonic linkage | New Georgia,,,lung1249,-8.17,156.57
ngl,"New Georgia language (unspecified) (Haddon 1937: 104, 106)",MM,Western Oceanic | Meso-Melanesian [MM] | New Ireland/Northwest Solomonic | St George linkage | Northwest Solomonic linkage | New Georgia,,,,,
kia,Kia,MM,Western Oceanic | Meso-Melanesian [MM] | New Ireland/Northwest Solomonic | St George linkage | Northwest Solomonic linkage | Ysabel,,,kiaa1241,-6.2249,144.8505
laghu,Laghu,MM,Western Oceanic | Meso-Melanesian [MM] | New Ireland/Northwest Solomonic | St George linkage | Northwest Solomonic linkage | Ysabel,Samasodu; Laghua,,lagh1246,-8.00509,158.961
kilokaka,Kilokaka,MM,Western Oceanic | Meso-Melanesian [MM] | New Ireland/Northwest Solomonic | St George linkage | Northwest Solomonic linkage | Ysabel,,,zaza1245,-8.19,159.25
maringe,Maringe,MM,Western Oceanic | Meso-Melanesian [MM] | New Ireland/Northwest Solomonic | St George linkage | Northwest Solomonic linkage | Ysabel,Cheke Holo; Hograno,"= Cheke Holo, Hograno",mari1427,-8.27055,159.625
zabana,Zabana,MM,Western Oceanic | Meso-Melanesian [MM] | New Ireland/Northwest Solomonic | St George linkage | Northwest Solomonic linkage | Ysabel,,,zaba1237,-7.74,158.75
kokota,Kokota,MM,Western Oceanic | Meso-Melanesian [MM] | New Ireland/Northwest Solomonic | St George linkage | Northwest Solomonic linkage | Ysabel,,,koko1269,-8.16,159.19
blablanga,Blablanga,MM,Western Oceanic | Meso-Melanesian [MM] | New Ireland/Northwest Solomonic | St George linkage | Northwest Solomonic linkage | Ysabel,,,blab1237,-8.15,159.42
gao,Gao,MM,Western Oceanic | Meso-Melanesian [MM] | New Ireland/Northwest Solomonic | St George linkage | Northwest Solomonic linkage | Ysabel,,,gaoo1237,-8.35,159.79
ghove,Ghove,MM,Western Oceanic | Meso-Melanesian [MM] | New Ireland/Northwest Solomonic | St George linkage | Northwest Solomonic linkage | Ysabel,,,blab1237,-8.15,159.42
bugotu,Bugotu,SES,Eastern Oceanic | Southeast Solomonic [SES] | Bugotu/Gela/Guadalcanal,,,bugh1239,-8.47948,159.80200000000002
gela,Gela,SES,Eastern Oceanic | Southeast Solomonic [SES] | Bugotu/Gela/Guadalcanal | Gela/Guadalcanal,,,gela1263,-9.04587,160.186
lengo,Lengo,SES,Eastern Oceanic | Southeast Solomonic [SES] | Bugotu/Gela/Guadalcanal | Gela/Guadalcanal,Lenggo,,leng1259,-9.56425,160.42000000000002
ghari,Ghari,SES,Eastern Oceanic | Southeast Solomonic [SES] | Bugotu/Gela/Guadalcanal | Gela/Guadalcanal,,,ghar1239,-9.4791,159.917
malango,Malango,SES,Eastern Oceanic | Southeast Solomonic [SES] | Bugotu/Gela/Guadalcanal | Gela/Guadalcanal,,,mala1484,-9.61383,160.118
talise,Talise,SES,Eastern Oceanic | Southeast Solomonic [SES] | Bugotu/Gela/Guadalcanal | Gela/Guadalcanal,,,tali1259,-9.76764,160.231
birao,Birao,SES,Eastern Oceanic | Southeast Solomonic [SES] | Bugotu/Gela/Guadalcanal | Gela/Guadalcanal,Birau,,bira1254,-9.74,160.52
malagheti,Malagheti,SES,Eastern Oceanic | Southeast Solomonic [SES] | Bugotu/Gela/Guadalcanal | Gela/Guadalcanal,,Dialect of Talise,mala1483,-9.76764,160.231
tolo,Tolo,SES,Eastern Oceanic | Southeast Solomonic [SES] | Bugotu/Gela/Guadalcanal | Gela/Guadalcanal,,,tolo1254,-9.76764,160.231
westguadalcanal,West Guadalcanal,SES,Eastern Oceanic | Southeast Solomonic [SES] | Bugotu/Gela/Guadalcanal | Gela/Guadalcanal,W. Guad.; W Guad.; W Guadalcanal; W G’canal,,ghar1239,-9.4791,159.917
gae,Gae,SES,Eastern Oceanic | Southeast Solomonic [SES] | Bugotu/Gela/Guadalcanal | Gela/Guadalcanal,,,gaee1238,-9.48,159.92
longgu,Longgu,SES,Eastern Oceanic | Southeast Solomonic [SES] | Bugotu/Gela/Guadalcanal | Longgu/Malaita/Makira,,,long1395,-9.75258,160.66299999999998
areare,'Are'are,SES,Eastern Oceanic | Southeast Solomonic [SES] | Bugotu/Gela/Guadalcanal | Longgu/Malaita/Makira | Malaita/Makira,’Are’are; ‘Are’are; ’Are’Are; ‘Are‘are,,area1240,-9.20699,161.15800000000002
marausound,Marau Sound,SES,Eastern Oceanic | Southeast Solomonic [SES] | Bugotu/Gela/Guadalcanal | Longgu/Malaita/Makira | Malaita/Makira,,dialect of ’Are’are,mara1398,-9.21, 161.16
arosi,Arosi,SES,Eastern Oceanic | Southeast Solomonic [SES] | Bugotu/Gela/Guadalcanal | Longgu/Malaita/Makira | Malaita/Makira,E. Arosi,,aros1241,-10.2441,161.43200000000002
baegu,Baegu,SES,Eastern Oceanic | Southeast Solomonic [SES] | Bugotu/Gela/Guadalcanal | Longgu/Malaita/Makira | Malaita/Makira,,,baeg1237,-8.49014,160.771
bauro,Bauro,SES,Eastern Oceanic | Southeast Solomonic [SES] | Bugotu/Gela/Guadalcanal | Longgu/Malaita/Makira | Malaita/Makira,Bauro (West),,baur1252,-10.5826,161.863
fataleka,Fataleka,SES,Eastern Oceanic | Southeast Solomonic [SES] | Bugotu/Gela/Guadalcanal | Longgu/Malaita/Makira | Malaita/Makira,,,fata1245,-8.59,160.86
fagani,Fagani,SES,Eastern Oceanic | Southeast Solomonic [SES] | Bugotu/Gela/Guadalcanal | Longgu/Malaita/Makira | Malaita/Makira,Faghani,,faga1239,-10.4479,161.662
kwai,Kwai,SES,Eastern Oceanic | Southeast Solomonic [SES] | Bugotu/Gela/Guadalcanal | Longgu/Malaita/Makira | Malaita/Makira,,,gula1270,-8.74742,161.023
kwaio,Kwaio,SES,Eastern Oceanic | Southeast Solomonic [SES] | Bugotu/Gela/Guadalcanal | Longgu/Malaita/Makira | Malaita/Makira,,,kwai1243,-8.93744,160.965
lau,Lau,SES,Eastern Oceanic | Southeast Solomonic [SES] | Bugotu/Gela/Guadalcanal | Longgu/Malaita/Makira | Malaita/Makira,,,lauu1247,-8.51018,160.872
baelelea,Baelelea,SES,Eastern Oceanic | Southeast Solomonic [SES] | Bugotu/Gela/Guadalcanal | Longgu/Malaita/Makira | Malaita/Makira,,= dialect of Lau,bael1237,-8.42,160.72
saa,Sa'a,SES,Eastern Oceanic | Southeast Solomonic [SES] | Bugotu/Gela/Guadalcanal | Longgu/Malaita/Makira | Malaita/Makira,Sa’a,,saaa1240,-9.60258,161.467
ukinimasi,Uki ni Masi,SES,Eastern Oceanic | Southeast Solomonic [SES] | Bugotu/Gela/Guadalcanal | Longgu/Malaita/Makira | Malaita/Makira,,,ukin1237,-9.60258,161.467
toabaita,To'aba'ita,SES,Eastern Oceanic | Southeast Solomonic [SES] | Bugotu/Gela/Guadalcanal | Longgu/Malaita/Makira | Malaita/Makira,To’aba’ita,,toab1237,-8.39233,160.61899999999997
ulawa,Ulawa,SES,Eastern Oceanic | Southeast Solomonic [SES] | Bugotu/Gela/Guadalcanal | Longgu/Malaita/Makira | Malaita/Makira,,,ulaw1237,-9.60258,161.467
nmalaitan,N Malaitan,SES,Eastern Oceanic | Southeast Solomonic [SES] | Bugotu/Gela/Guadalcanal | Longgu/Malaita/Makira | Malaita/Makira,,,nort3284,-8.485078200216126,160.77390093045975
kwaraae,Kwara’ae,SES,Eastern Oceanic | Southeast Solomonic [SES] | Bugotu/Gela/Guadalcanal | Longgu/Malaita/Makira | Malaita/Makira,Kwara'ae,,kwar1239,-8.76,160.80
langalanga,Langalanga,SES,Eastern Oceanic | Southeast Solomonic [SES] | Bugotu/Gela/Guadalcanal | Longgu/Malaita/Makira | Malaita/Makira,,,wala1266,-8.82,160.74
kahua,Kahua,SES,Eastern Oceanic | Southeast Solomonic [SES] | Bugotu/Gela/Guadalcanal | Longgu/Malaita/Makira | Malaita/Makira,Kahlua,,kahu1241,-10.70,162.19
owa,Owa,SES,Eastern Oceanic | Southeast Solomonic [SES] | Bugotu/Gela/Guadalcanal | Longgu/Malaita/Makira | Malaita/Makira,,,owaa1237,-10.83,162.30
santaana,Santa Ana,SES,Eastern Oceanic | Southeast Solomonic [SES] | Bugotu/Gela/Guadalcanal | Longgu/Malaita/Makira | Malaita/Makira,,,sant1414,-10.83,162.30
oroha,Oroha,SES,Eastern Oceanic | Southeast Solomonic [SES] | Bugotu/Gela/Guadalcanal | Longgu/Malaita/Makira | Malaita/Makira,,,oroh1237,-9.74,161.51
dorio,Dori'o,SES,Eastern Oceanic | Southeast Solomonic [SES] | Bugotu/Gela/Guadalcanal | Longgu/Malaita/Makira | Malaita/Makira,Dori’o; Dorio,,dori1246,-9.12,160.90
aiwoo,Äiwoo,TM,Eastern Oceanic | Temotu [TM] | Reefs and Santa Cruz,Aiwoo,,ayiw1239,-10.30,166.32
nagu,Nagu,TM,Eastern Oceanic | Temotu [TM] | Reefs and Santa Cruz,Nanggu,,nang1262,-10.74,165.89
natiigu,Natügu,TM,Eastern Oceanic | Temotu [TM] | Reefs and Santa Cruz,,"= Malo, Lodai, Nedo",natu1246,-10.68,165.84
nebao,Nebao,TM,Eastern Oceanic | Temotu [TM] | Utupua/Vanikoro,Nembao,,amba1266,-11.30,166.50
asuboa,Asumboa,TM,Eastern Oceanic | Temotu [TM] | Utupua/Vanikoro,Asuboa,,asum1237,-11.30,166.50
tanibili,Tanibili,TM,Eastern Oceanic | Temotu [TM] | Utupua/Vanikoro,Tanabili; Tanimbili,,tani1255,-11.30,166.51
tanema,Tanema,TM,Eastern Oceanic | Temotu [TM] | Utupua/Vanikoro,,"= Tanima, Tetau",tane1237,-11.68,166.97
burna,Buma,TM,Eastern Oceanic | Temotu [TM] | Utupua/Vanikoro,Teanu,= Teanu,tean1237,-11.68,166.87
vano,Vano,TM,Eastern Oceanic | Temotu [TM] | Utupua/Vanikoro,Vana; Lovono,= Vana,vano1237,-11.61,166.80
ambae,Ambae,NCV,"Eastern Oceanic | North/Central Vanuatu [NCV] (groupings are areal, based on Clark 1994) | Banks & Torres, Maewo, Ambae, North Pentecost",Aoba; N. E. Aoba; NE Ambae; NEAmbae,= N. E. Aoba,east2443,-15.35,167.89
wambae,West Ambae,NCV,"Eastern Oceanic | North/Central Vanuatu [NCV] (groupings are areal, based on Clark 1994) | Banks & Torres, Maewo, Ambae, North Pentecost",W Ambae,,west2513,-15.43,167.81
nduindui,Nduindui,NCV,"Eastern Oceanic | North/Central Vanuatu [NCV] (groupings are areal, based on Clark 1994) | Banks & Torres, Maewo, Ambae, North Pentecost",Duidui,,ndui1237,-15.43,167.81
maewo,Maewo,NCV,"Eastern Oceanic | North/Central Vanuatu [NCV] (groupings are areal, based on Clark 1994) | Banks & Torres, Maewo, Ambae, North Pentecost",,,cent2058,-15.08,168.13
hiw,Hiw,NCV,"Eastern Oceanic | North/Central Vanuatu [NCV] (groupings are areal, based on Clark 1994) | Banks & Torres, Maewo, Ambae, North Pentecost",,,hiww1237,-13.126367,166.584857
mota,Mota,NCV,"Eastern Oceanic | North/Central Vanuatu [NCV] (groupings are areal, based on Clark 1994) | Banks & Torres, Maewo, Ambae, North Pentecost",,,mota1237,-13.835361,167.690924
raga,Raga,NCV,"Eastern Oceanic | North/Central Vanuatu [NCV] (groupings are areal, based on Clark 1994) | Banks & Torres, Maewo, Ambae, North Pentecost",,,hano1246,-15.5432,168.167
sunwadaga,Suñwadaga,NCV,"Eastern Oceanic | North/Central Vanuatu [NCV] (groupings are areal, based on Clark 1994) | Banks & Torres, Maewo, Ambae, North Pentecost",,,mari1426,-14.97,168.06
marino,Marino,NCV,"Eastern Oceanic | North/Central Vanuatu [NCV] (groupings are areal, based on Clark 1994) | Banks & Torres, Maewo, Ambae, North Pentecost",Sunwadia,= Sunwadia,mari1426,-14.970047,168.05794100000003
baetora,Baetora,NCV,"Eastern Oceanic | North/Central Vanuatu [NCV] (groupings are areal, based on Clark 1994) | Banks & Torres, Maewo, Ambae, North Pentecost",,,baet1237,-15.26,168.16
merlav,Merlav,NCV,"Eastern Oceanic | North/Central Vanuatu [NCV] (groupings are areal, based on Clark 1994) | Banks & Torres, Maewo, Ambae, North Pentecost",,,merl1237,-14.45,168.05
lehali,Lehali,NCV,"Eastern Oceanic | North/Central Vanuatu [NCV] (groupings are areal, based on Clark 1994) | Banks & Torres, Maewo, Ambae, North Pentecost",,,leha1243,-13.50,167.33
loyop,Löyöp,NCV,"Eastern Oceanic | North/Central Vanuatu [NCV] (groupings are areal, based on Clark 1994) | Banks & Torres, Maewo, Ambae, North Pentecost",Loyop,,leha1244,-13.54,167.34
loh,Loh,NCV,"Eastern Oceanic | North/Central Vanuatu [NCV] (groupings are areal, based on Clark 1994) | Banks & Torres, Maewo, Ambae, North Pentecost",Lo-Toga; Lo Toga,,loto1240,-13.33,166.63
lakon,Lakon,NCV,"Eastern Oceanic | North/Central Vanuatu [NCV] (groupings are areal, based on Clark 1994) | Banks & Torres, Maewo, Ambae, North Pentecost",,,lako1245,-14.30,167.43
sgaua,S Gaua,NCV,"Eastern Oceanic | North/Central Vanuatu [NCV] (groupings are areal, based on Clark 1994) | Banks & Torres, Maewo, Ambae, North Pentecost",,,koro1318,-14.29,167.47
olrat,Olrat,NCV,"Eastern Oceanic | North/Central Vanuatu [NCV] (groupings are areal, based on Clark 1994) | Banks & Torres, Maewo, Ambae, North Pentecost",,,olra1234,-14.31,167.43
dorig,Dorig,NCV,"Eastern Oceanic | North/Central Vanuatu [NCV] (groupings are areal, based on Clark 1994) | Banks & Torres, Maewo, Ambae, North Pentecost",,,weta1242,-14.37,167.55
nume,Nume,NCV,"Eastern Oceanic | North/Central Vanuatu [NCV] (groupings are areal, based on Clark 1994) | Banks & Torres, Maewo, Ambae, North Pentecost",,,nume1241,-14.23,167.59
veraa,Vera'a,NCV,"Eastern Oceanic | North/Central Vanuatu [NCV] (groupings are areal, based on Clark 1994) | Banks & Torres, Maewo, Ambae, North Pentecost",Vera’a; Veraa,,vera1241,-13.89,167.43
lemerig,Lemerig,NCV,"Eastern Oceanic | North/Central Vanuatu [NCV] (groupings are areal, based on Clark 1994) | Banks & Torres, Maewo, Ambae, North Pentecost",,,leme1238,-13.74,167.42
vures,Vurës,NCV,"Eastern Oceanic | North/Central Vanuatu [NCV] (groupings are areal, based on Clark 1994) | Banks & Torres, Maewo, Ambae, North Pentecost",Vures,,vure1239,-13.91,167.45
mwesen,Mwesen,NCV,"Eastern Oceanic | North/Central Vanuatu [NCV] (groupings are areal, based on Clark 1994) | Banks & Torres, Maewo, Ambae, North Pentecost",Mosina,= Mosina,mwes1235,-13.91,167.45
motlav,Motlav,NCV,"Eastern Oceanic | North/Central Vanuatu [NCV] (groupings are areal, based on Clark 1994) | Banks & Torres, Maewo, Ambae, North Pentecost",,,motl1238,-13.66,167.71
mwotlap,Mwotlap,NCV,"Eastern Oceanic | North/Central Vanuatu [NCV] (groupings are areal, based on Clark 1994) | Banks & Torres, Maewo, Ambae, North Pentecost",,,motl1237,-13.66,167.71
volow,Volow,NCV,"Eastern Oceanic | North/Central Vanuatu [NCV] (groupings are areal, based on Clark 1994) | Banks & Torres, Maewo, Ambae, North Pentecost",,= dialect of Mwotlap,volo1238,-13.66,167.71
fortsenal,Fortsenal,NCV,"Eastern Oceanic | North/Central Vanuatu [NCV] (groupings are areal, based on Clark 1994) | Espiritu Santo",,,fort1240,-15.4484,166.931
kiai,Kiai,NCV,"Eastern Oceanic | North/Central Vanuatu [NCV] (groupings are areal, based on Clark 1994) | Espiritu Santo",Kiai (Tazia),,fort1240,-15.4484,166.931
tambotalo,Tambotalo,NCV,"Eastern Oceanic | North/Central Vanuatu [NCV] (groupings are areal, based on Clark 1994) | Espiritu Santo",,,tamb1253,-15.50,167.14
aore,Aore,NCV,"Eastern Oceanic | North/Central Vanuatu [NCV] (groupings are areal, based on Clark 1994) | Espiritu Santo",,,aore1237,-15.58,167.17
sharkbay,Shark Bay,NCV,"Eastern Oceanic | North/Central Vanuatu [NCV] (groupings are areal, based on Clark 1994) | Espiritu Santo",,,shar1251,-15.295,167.152
tamambo,Tamambo,NCV,"Eastern Oceanic | North/Central Vanuatu [NCV] (groupings are areal, based on Clark 1994) | Espiritu Santo",Malo,= Malo,malo1243,-15.6835,167.16
sakao,Sakao,NCV,"Eastern Oceanic | North/Central Vanuatu [NCV] (groupings are areal, based on Clark 1994) | Espiritu Santo",Sara; Sak,,port1296,-15.08,167.05
araki,Araki,NCV,"Eastern Oceanic | North/Central Vanuatu [NCV] (groupings are areal, based on Clark 1994) | Espiritu Santo",,,arak1252,-15.63,166.95
morouas,Morouas,NCV,"Eastern Oceanic | North/Central Vanuatu [NCV] (groupings are areal, based on Clark 1994) | Espiritu Santo",,,moro1286,-15.35,166.89
tangoa,Tangoa,NCV,"Eastern Oceanic | North/Central Vanuatu [NCV] (groupings are areal, based on Clark 1994) | Espiritu Santo",,,tang1347,-15.5643,166.95800000000003
tasiriki,Tasiriki,NCV,"Eastern Oceanic | North/Central Vanuatu [NCV] (groupings are areal, based on Clark 1994) | Espiritu Santo",,,akei1237,-15.6377,166.767
wusi,Wusi,NCV,"Eastern Oceanic | North/Central Vanuatu [NCV] (groupings are areal, based on Clark 1994) | Espiritu Santo",,,wusi1237,-15.2786,166.696
mafea,Mafea,NCV,"Eastern Oceanic | North/Central Vanuatu [NCV] (groupings are areal, based on Clark 1994) | Espiritu Santo",,,mafe1237,-15.43,167.24
narango,Narango,NCV,"Eastern Oceanic | North/Central Vanuatu [NCV] (groupings are areal, based on Clark 1994) | Espiritu Santo",,,nara1263,-15.53,167.05
tutuba,Tutuba,NCV,"Eastern Oceanic | North/Central Vanuatu [NCV] (groupings are areal, based on Clark 1994) | Espiritu Santo",,,tutu1241,-15.58,167.27
wusinokovula,Wusi (Nokovula),NCV,"Eastern Oceanic | North/Central Vanuatu [NCV] (groupings are areal, based on Clark 1994) | Espiritu Santo",,,wusi1237,-15.2786,166.696
tasmate,Tasmate,NCV,"Eastern Oceanic | North/Central Vanuatu [NCV] (groupings are areal, based on Clark 1994) | Espiritu Santo",,,tasm1246,-15.08,166.66
valpei,Valpei,NCV,"Eastern Oceanic | North/Central Vanuatu [NCV] (groupings are areal, based on Clark 1994) | Espiritu Santo",,,valp1237,-14.71,166.61
vunapu,Vunapu,NCV,"Eastern Oceanic | North/Central Vanuatu [NCV] (groupings are areal, based on Clark 1994) | Espiritu Santo",,,vuna1239,-14.85,166.69
tolomako,Tolomako,NCV,"Eastern Oceanic | North/Central Vanuatu [NCV] (groupings are areal, based on Clark 1994) | Espiritu Santo",,,tolo1255,-15.16,166.77
matantas,Matantas,NCV,"Eastern Oceanic | North/Central Vanuatu [NCV] (groupings are areal, based on Clark 1994) | Espiritu Santo",,,tolo1255,-15.16,166.77
nokuku,Nokuku,NCV,"Eastern Oceanic | North/Central Vanuatu [NCV] (groupings are areal, based on Clark 1994) | Espiritu Santo",,,noku1237,-14.90,166.60
merei,Merei,NCV,"Eastern Oceanic | North/Central Vanuatu [NCV] (groupings are areal, based on Clark 1994) | Espiritu Santo",,,mere1242,-15.28,166.91
apma,Apma,NCV,"Eastern Oceanic | North/Central Vanuatu [NCV] (groupings are areal, based on Clark 1994) | Pentecost",,,apma1240,-15.86,168.19
sowa,Sowa,NCV,"Eastern Oceanic | North/Central Vanuatu [NCV] (groupings are areal, based on Clark 1994) | Pentecost",,,sowa1244,-15.83,168.19
sa,Sa,NCV,"Eastern Oceanic | North/Central Vanuatu [NCV] (groupings are areal, based on Clark 1994) | Pentecost",,,saaa1241,-15.95,168.23
atchin,Atchin,NCV,"Eastern Oceanic | North/Central Vanuatu [NCV] (groupings are areal, based on Clark 1994) | Malakula",,,atch1238,-16.00951,167.34643
bignambas,Big Nambas,NCV,"Eastern Oceanic | North/Central Vanuatu [NCV] (groupings are areal, based on Clark 1994) | Malakula | West Malakula linkage",,,bign1238,-16.0903,167.23899999999998
tirax,Tirax,NCV,"Eastern Oceanic | North/Central Vanuatu [NCV] (groupings are areal, based on Clark 1994) | Malakula | West Malakula linkage",,,maee1241,-15.99,167.29
nahaaimalfaxal,Naha’ai (Malfaxal),NCV,"Eastern Oceanic | North/Central Vanuatu [NCV] (groupings are areal, based on Clark 1994) | Malakula | West Malakula linkage",Naha’ai,,malf1237,-16.55,167.51
neveei,Neve’ei,NCV,"Eastern Oceanic | North/Central Vanuatu [NCV] (groupings are areal, based on Clark 1994) | Malakula | West Malakula linkage",Neve'ei,,vinm1237,-16.23,167.43
neverver,Neverver,NCV,"Eastern Oceanic | North/Central Vanuatu [NCV] (groupings are areal, based on Clark 1994) | Malakula | West Malakula linkage",,,ling1265,-16.20,167.50
southwestbay,Southwest Bay,NCV,"Eastern Oceanic | North/Central Vanuatu [NCV] (groupings are areal, based on Clark 1994) | Malakula | West Malakula linkage",SWBay; Nahavaq; SW Bay,,sout2857,-16.51,167.48
naman,Naman,NCV,"Eastern Oceanic | North/Central Vanuatu [NCV] (groupings are areal, based on Clark 1994) | Malakula | West Malakula linkage",,,litz1237,-16.13,167.41
nasarian,Nasarian,NCV,"Eastern Oceanic | North/Central Vanuatu [NCV] (groupings are areal, based on Clark 1994) | Malakula | West Malakula linkage",,,nasa1240,-16.35,167.41
nati,Nāti,NCV,"Eastern Oceanic | North/Central Vanuatu [NCV] (groupings are areal, based on Clark 1994) | Malakula | West Malakula linkage",Nati,,nati1244,-16.47,167.50
ninde,Ninde,NCV,"Eastern Oceanic | North/Central Vanuatu [NCV] (groupings are areal, based on Clark 1994) | Malakula | West Malakula linkage",,,labo1244,-16.43,167.44
tape,Tape,NCV,"Eastern Oceanic | North/Central Vanuatu [NCV] (groupings are areal, based on Clark 1994) | Malakula | West Malakula linkage",,,mara1399,-16.07,167.33
labo,Labo,NCV,"Eastern Oceanic | North/Central Vanuatu [NCV] (groupings are areal, based on Clark 1994) | Malakula",,,labu1248,-6.75,146.903
mae,Mae,NCV,"Eastern Oceanic | North/Central Vanuatu [NCV] (groupings are areal, based on Clark 1994) | Malakula",,,maee1242,-5.45619,143.685
portsandwich,Port Sandwich,NCV,"Eastern Oceanic | North/Central Vanuatu [NCV] (groupings are areal, based on Clark 1994) | Malakula | East Malakula linkage",Pt Sandwich; Pt. Sandwich,,port1285,-16.4952,167.78
rerep,Rerep,NCV,"Eastern Oceanic | North/Central Vanuatu [NCV] (groupings are areal, based on Clark 1994) | Malakula | East Malakula linkage",,dialect of Unua,rere1240,-16.29,167.65
unua,Unua,NCV,"Eastern Oceanic | North/Central Vanuatu [NCV] (groupings are areal, based on Clark 1994) | Malakula | East Malakula linkage",,,unua1237,-16.26,167.60
avava,Avava,NCV,"Eastern Oceanic | North/Central Vanuatu [NCV] (groupings are areal, based on Clark 1994) | Malakula | East Malakula linkage",,,katb1237,-16.27,167.48
letemboi,Letemboi,NCV,"Eastern Oceanic | North/Central Vanuatu [NCV] (groupings are areal, based on Clark 1994) | Malakula | East Malakula linkage",Lendamboi,,lete1242,-16.43,167.57
aulua,Aulua,NCV,"Eastern Oceanic | North/Central Vanuatu [NCV] (groupings are areal, based on Clark 1994) | Malakula | East Malakula linkage",,,aulu1238,-16.36,167.70
nese,Nese,NCV,"Eastern Oceanic | North/Central Vanuatu [NCV] (groupings are areal, based on Clark 1994) | Malakula | East Malakula linkage",,,nese1235,-15.95,167.22
maluabay,Malua Bay,NCV,"Eastern Oceanic | North/Central Vanuatu [NCV] (groupings are areal, based on Clark 1994) | Malakula | East Malakula linkage",,,malu1254,-15.98,167.21
maskelynes,Maskelynes,NCV,"Eastern Oceanic | North/Central Vanuatu [NCV] (groupings are areal, based on Clark 1994) | Malakula | East Malakula linkage",,,mask1242,-16.51,167.82
nisvai,Nisvai,NCV,"Eastern Oceanic | North/Central Vanuatu [NCV] (groupings are areal, based on Clark 1994) | Malakula | East Malakula linkage",,,nisv1234,-16.41,167.79
nasvang,Nasvang,NCV,"Eastern Oceanic | North/Central Vanuatu [NCV] (groupings are areal, based on Clark 1994) | Malakula | East Malakula linkage",,,nasv1234,-16.46,167.64
larevat,Larëvat,NCV,"Eastern Oceanic | North/Central Vanuatu [NCV] (groupings are areal, based on Clark 1994) | Malakula | East Malakula linkage",Larevat,,lare1249,-16.20,167.39
axamb,Axamb,NCV,"Eastern Oceanic | North/Central Vanuatu [NCV] (groupings are areal, based on Clark 1994) | Malakula",,,axam1237,-16.48,167.71
avok,Avok,NCV,"Eastern Oceanic | North/Central Vanuatu [NCV] (groupings are areal, based on Clark 1994) | Malakula",,,avok1244,-16.54,167.77
uripiv,Uripiv,NCV,"Eastern Oceanic | North/Central Vanuatu [NCV] (groupings are areal, based on Clark 1994) | Malakula | East Malakula linkage",,,urip1240,-16.00951,167.34643
burmbar,Burmbar,NCV,"Eastern Oceanic | North/Central Vanuatu [NCV] (groupings are areal, based on Clark 1994) | Malakula",Banam Bay,,burm1263,-16.42,167.73
lewo,Lewo,NCV,"Eastern Oceanic | North/Central Vanuatu [NCV] (groupings are areal, based on Clark 1994) | South Pentecost, Ambrym, Paama, Epi",,,lewo1242,-16.7612,168.334
lamen,Lamenu,NCV,"Eastern Oceanic | North/Central Vanuatu [NCV] (groupings are areal, based on Clark 1994) | South Pentecost, Ambrym, Paama, Epi",Lamen,,lame1260,-16.61,168.17
lonwolwol,Lonwolwol,NCV,"Eastern Oceanic | North/Central Vanuatu [NCV] (groupings are areal, based on Clark 1994) | South Pentecost, Ambrym, Paama, Epi",,,lonw1238,-16.2286,168.016
paamese,Paamese,NCV,"Eastern Oceanic | North/Central Vanuatu [NCV] (groupings are areal, based on Clark 1994) | South Pentecost, Ambrym, Paama, Epi",,,paam1238,-16.47548,168.23693
paamesesouth,Paamese (South),NCV,"Eastern Oceanic | North/Central Vanuatu [NCV] (groupings are areal, based on Clark 1994) | South Pentecost, Ambrym, Paama, Epi",S Paamese,,sout2858,-16.47548,168.23693
paamesenorth,Paamese (North),NCV,"Eastern Oceanic | North/Central Vanuatu [NCV] (groupings are areal, based on Clark 1994) | South Pentecost, Ambrym, Paama, Epi",N Paamese,,nort2838,-16.48,168.24
seambrym,S.E. Ambrym,NCV,"Eastern Oceanic | North/Central Vanuatu [NCV] (groupings are areal, based on Clark 1994) | South Pentecost, Ambrym, Paama, Epi",SE Ambrym; SEAmbrym; S E Ambrym,,sout2859,-16.2975,168.21099999999998
nambrym,N Ambrym,NCV,"Eastern Oceanic | North/Central Vanuatu [NCV] (groupings are areal, based on Clark 1994) | South Pentecost, Ambrym, Paama, Epi",,,nort2839,-16.17,168.14
wambrym,W Ambrym,NCV,"Eastern Oceanic | North/Central Vanuatu [NCV] (groupings are areal, based on Clark 1994) | South Pentecost, Ambrym, Paama, Epi",,,port1293,-16.26,167.93
namakir,Namakir,NCV,"Eastern Oceanic | North/Central Vanuatu [NCV] (groupings are areal, based on Clark 1994) | Efate-Shepherds",Namakura,= Namakura,nama1268,-16.8979,168.569
makura,Makura,NCV,"Eastern Oceanic | North/Central Vanuatu [NCV] (groupings are areal, based on Clark 1994) | Efate-Shepherds",,Dialect of Namakura,maku1276,-16.90,168.57
nguna,Nguna,NCV,"Eastern Oceanic | North/Central Vanuatu [NCV] (groupings are areal, based on Clark 1994) | Efate-Shepherds",,,ngun1274,-17.5774,168.375
efate,Efate,NCV,"Eastern Oceanic | North/Central Vanuatu [NCV] (groupings are areal, based on Clark 1994) | Efate-Shepherds",,,efat1236,-17.65555,168.37575
southefate,South Efate,NCV,"Eastern Oceanic | North/Central Vanuatu [NCV] (groupings are areal, based on Clark 1994) | Efate-Shepherds",S. Efate; S Efate,,sout2856,-17.70,168.38
northefate,North Efate,NCV,"Eastern Oceanic | North/Central Vanuatu [NCV] (groupings are areal, based on Clark 1994) | Efate-Shepherds",NEfate; Nakanamanga; N Efate,,nort2836,-17.58,168.38
lelepa,Lelepa,NCV,"Eastern Oceanic | North/Central Vanuatu [NCV] (groupings are areal, based on Clark 1994) | Efate-Shepherds",,,lele1267,-17.60,168.20
sesake,Sesake,NCV,"Eastern Oceanic | North/Central Vanuatu [NCV] (groupings are areal, based on Clark 1994) | Efate-Shepherds",,Dialect of North Efate,sesa1243,-17.58,168.38
baki,Baki,NCV,"Eastern Oceanic | North/Central Vanuatu [NCV] (groupings are areal, based on Clark 1994) | Efate-Shepherds",,,baki1244,-16.71,168.16
bieria,Bieria,NCV,"Eastern Oceanic | North/Central Vanuatu [NCV] (groupings are areal, based on Clark 1994) | Efate-Shepherds",,,bier1246,-16.79,168.23
anejom,Anejom,SV,Eastern Oceanic | South Vanuatu [SV],Aneityum,= Aneityum,anei1239,-20.19,169.82
kwamera,Kwamera,SV,Eastern Oceanic | South Vanuatu [SV],,,kwam1252,-19.5954,169.442
lenakel,Lenakel,SV,Eastern Oceanic | South Vanuatu [SV],,,lena1238,-19.4763,169.261
ntanna,N. Tanna,SV,Eastern Oceanic | South Vanuatu [SV],N Tanna,,nort2847,-19.3733,169.303
swtanna,S.W. Tanna,SV,Eastern Oceanic | South Vanuatu [SV],SW Tanna; SWTanna; S W Tanna,,sout2869,-19.57953,169.35603000000003
sye,Sye,SV,Eastern Oceanic | South Vanuatu [SV],Eromango; Sie,"= Sie, Eromango",siee1239,-18.8181,169.166
ura,Ura,SV,Eastern Oceanic | South Vanuatu [SV],,,urav1235,-18.6747,169.084
whitesands,Whitesands,SV,Eastern Oceanic | South Vanuatu [SV],White sands,,whit1269,-19.50,169.38
fwai,Fwai,NCal,Eastern Oceanic | New Caledonia [NCal] | New Caledonia proper,Fwâi,,fwai1237,-20.69,164.90
caaac,Caac,NCal,Eastern Oceanic | New Caledonia [NCal] | New Caledonia proper,Caaac; Caaàc,,caac1237,-20.41,164.58
vohkone,Voh-Koné,NCal,Eastern Oceanic | New Caledonia [NCal] | New Caledonia proper,Voh-Kone,,vohk1234,-20.7991,164.77058
cemuhi,Cèmuhî,NCal,Eastern Oceanic | New Caledonia [NCal] | New Caledonia proper,Cemuhi,,cemu1238,-20.85,165.13
paici,Paicî,NCal,Eastern Oceanic | New Caledonia [NCal] | New Caledonia proper,Paici,,paic1239,-21.10,165.15
grandcouli,Grand Couli,NCal,Eastern Oceanic | New Caledonia [NCal] | New Caledonia proper,,,tiri1258,-21.81,165.79
yuanga,Yuanga,NCal,Eastern Oceanic | New Caledonia [NCal] | New Caledonia proper,,,yuag1237,-20.57,164.51
pije,Pije,NCal,Eastern Oceanic | New Caledonia [NCal] | New Caledonia proper,,,pije1237,-20.7824,164.942
pwapwa,Pwapwa,NCal,Eastern Oceanic | New Caledonia [NCal] | New Caledonia proper,Pwapwâ,,pwap1237,-20.81,164.56
pwaamei,Pwaamei,NCal,Eastern Oceanic | New Caledonia [NCal] | New Caledonia proper,,,pwaa1237,-20.84,164.77
nemi,Nemi,NCal,Eastern Oceanic | New Caledonia [NCal] | New Caledonia proper,,,nemi1240,-20.6791,164.797
nyelayu,Nyelâyu,NCal,Eastern Oceanic | New Caledonia [NCal] | New Caledonia proper,Nyelayu,,nyal1-21.81, 165.79u254,-19.72,163.66
xaracuu,Xârâcùù,NCal,Eastern Oceanic | New Caledonia [NCal] | New Caledonia proper,Xaracuu,,xara1244,-21.7034,165.996
tiri,Tîrî,NCal,Eastern Oceanic | New Caledonia [NCal] | New Caledonia proper,,,tiri1258,-21.81,165.79
nelemwa,Nêlêmwâ,NCal,Eastern Oceanic | New Caledonia [NCal] | New Caledonia proper,Nêlêmwa; Nelemwa; Nixumwak,,kuma1276,-20.40, 164.19
kumak,Kumak,NCal,Eastern Oceanic | New Caledonia [NCal] | New Caledonia proper,,,nucl1483,-20.40,164.19
ajie,Ajië,NCal,Eastern Oceanic | New Caledonia [NCal] | New Caledonia proper,Ajie,,ajie1238,-21.30,165.47
jawe,Jawe,NCal,Eastern Oceanic | New Caledonia [NCal] | New Caledonia proper,,,jawe1237,-20.66,164.68
tinrin,Tinrin,NCal,Eastern Oceanic | New Caledonia [NCal] | New Caledonia proper,,,tiri1258,-21.81,165.79
drubea,Drubea,NCal,Eastern Oceanic | New Caledonia [NCal] | New Caledonia proper,,,dumb1241,-22.09,166.53
dehu,Dehu,NCal,Eastern Oceanic | New Caledonia [NCal] | Loyalties,Drehu,,dehu1237,-20.8892,167.22899999999998
iaai,Iaai,NCal,Eastern Oceanic | New Caledonia [NCal] | Loyalties,,,iaai1238,-20.63,166.59
nengone,Nengone,NCal,Eastern Oceanic | New Caledonia [NCal] | Loyalties,,,neng1238,-21.5305,167.964
pi,pi,Mic,Eastern Oceanic | Nuclear Micronesian [Mic],,,,,
carolinian,Carolinian,Mic,Eastern Oceanic | Nuclear Micronesian [Mic],,,caro1242,15.205,145.765
taroliniantanapag,Carolinian (Tanapag),Mic,Eastern Oceanic | Nuclear Micronesian [Mic],Tanapag Carolinian,,tana1281,15.24,145.76
kiribatese,Kiribatese,Mic,Eastern Oceanic | Nuclear Micronesian [Mic],Gilbertese; Kiribati,"= Kiribati, Gilbertese",gilb1244,0.179,173.64
kosraean,Kosraean,Mic,Eastern Oceanic | Nuclear Micronesian [Mic],Kusaeian,= Kusaeian,kosr1238,5.31,162.98000000000002
nauruan,Nauruan,Mic,Eastern Oceanic | Nuclear Micronesian [Mic],,,naur1243,-0.53,166.92
marshallese,Marshallese,Mic,Eastern Oceanic | Nuclear Micronesian [Mic],,,mars1254,8.72,167.73
mokilese,Mokilese,Mic,Eastern Oceanic | Nuclear Micronesian [Mic],,,moki1238,6.65651,159.77599999999998
pingelapese,Pingelapese,Mic,Eastern Oceanic | Nuclear Micronesian [Mic],,,ping1243,6.21,160.71
mortlockese,Mortlockese,Mic,Eastern Oceanic | Nuclear Micronesian [Mic],L. Mortlockese; Mortlock,,mort1237,5.50735,153.71077799999998
namoluk,Namoluk,Mic,Eastern Oceanic | Nuclear Micronesian [Mic],,= dialect of Mortlockese,mort1237,5.50735,153.71077799999998
ponapean,Ponapean,Mic,Eastern Oceanic | Nuclear Micronesian [Mic],Pohnpeian; Ponape,,pohn1238,6.87212,158.22299999999998
puluwatese,Puluwatese,Mic,Eastern Oceanic | Nuclear Micronesian [Mic],Puluwat,,pulu1242,7.35695,149.20049999999998
satawalese,Satawalese,Mic,Eastern Oceanic | Nuclear Micronesian [Mic],Satawal,,sata1237,7.36084,147.038
trukese,Trukese,Mic,Eastern Oceanic | Nuclear Micronesian [Mic],Chuukese; Chuukic; Chuuukese,,chuu1238,7.346993,151.59860700000002
ulithian,Ulithian,Mic,Eastern Oceanic | Nuclear Micronesian [Mic],Ulithi,,ulit1238,9.961388,139.60361099999997
sonsorolese,Sonsorolese,Mic,Eastern Oceanic | Nuclear Micronesian [Mic],Sonsorol,,sons1242,5.33,132.22
puloannan,Pulo-Annan,Mic,Eastern Oceanic | Nuclear Micronesian [Mic],Pulo Annian,dialect of Sonsorolese,pulo1240,5.33,132.22
woleaian,Woleaian,Mic,Eastern Oceanic | Nuclear Micronesian [Mic],Woleai; Woleiaian; Ifaluk,,wole1240,7.37957,143.916
lamotrek,Lamotrek,Mic,Eastern Oceanic | Nuclear Micronesian [Mic],,Dialect of Woleaian,lamo1243,7.38,143.92
rotuman,Rotuman,Fij,Eastern Oceanic | Central Pacific [Fij and Pn],Rotuma,,rotu1241,-12.5008,177.066
wfijian,W. Fijian,Fij,Eastern Oceanic | Central Pacific [Fij and Pn] | Western Fijian,,,west2519,-17.84,177.66
ba,Ba,Fij,Eastern Oceanic | Central Pacific [Fij and Pn] | Western Fijian,,,west2519,-17.84,177.66
lauvanualevu,"Lau, Vanua Levu",Fij,Eastern Oceanic | Central Pacific [Fij and Pn] | Western Fijian,Vanua Levu,,nucl1825,-18.00,178.33
lautoka,Lautoka,Fij,Eastern Oceanic | Central Pacific [Fij and Pn] | Western Fijian,,,west2519,-17.84,177.66
manydialects,(many dialects),Fij,Eastern Oceanic | Central Pacific [Fij and Pn] | Western Fijian,(unspecified),,west2519,-17.84,177.66
dialectunknown,(dialect unknown),Fij,Eastern Oceanic | Central Pacific [Fij and Pn] | Western Fijian,,,west2519,-17.84,177.66
nadroga,Nadroga,Fij,Eastern Oceanic | Central Pacific [Fij and Pn] | Western Fijian,Nadrogaa; Nadrogā,,nucl1487,-18.134562,177.538969
wayan,Wayan,Fij,Eastern Oceanic | Central Pacific [Fij and Pn] | Western Fijian,Wayan (Viwa); Wayan Fijian,,waya1268,-17.29,177.12
yasawa,Yasawa,Fij,Eastern Oceanic | Central Pacific [Fij and Pn] | Western Fijian,,,waya1268,-17.29,177.12
bauanfijian,Bauan,Fij,Eastern Oceanic | Central Pacific [Fij and Pn] | Eastern Fijian,Fijian; Standard Fijian; Bauan Fijian,= Standard Fijian,fiji1243,-18.00, 178.33
bau,Bau,Fij,Eastern Oceanic | Central Pacific [Fij and Pn] | Eastern Fijian,,,bauu1243,-18.00,178.33
nadrau,Nadrau,Fij,Eastern Oceanic | Central Pacific [Fij and Pn] | Eastern Fijian,,,nadr1234,-18.00,178.33
kadavu,Kadavu,Fij,Eastern Oceanic | Central Pacific [Fij and Pn] | Eastern Fijian,,,kada1285,-18.00,178.33
wvitilevu,W Viti Levu,Fij,Eastern Oceanic | Central Pacific [Fij and Pn] | Eastern Fijian,,,,,
rewa,Rewa,Fij,Eastern Oceanic | Central Pacific [Fij and Pn] | Eastern Fijian,,,,,
lautaveuni,"Lau, Taveuni",Fij,Eastern Oceanic | Central Pacific [Fij and Pn] | Eastern Fijian,,,,,
lomaiviti,Lomaiviti,Fij,Eastern Oceanic | Central Pacific [Fij and Pn] | Eastern Fijian,,,,,
wailevu,Wailevu,Fij,Eastern Oceanic | Central Pacific [Fij and Pn] | Eastern Fijian,,,,,
rakiraki,Rakiraki,Fij,Eastern Oceanic | Central Pacific [Fij and Pn] | Eastern Fijian,,,,,
verata,Verata,Fij,Eastern Oceanic | Central Pacific [Fij and Pn] | Eastern Fijian,,,,,
efijian,E Fijian,Fij,Eastern Oceanic | Central Pacific [Fij and Pn] | Eastern Fijian,,,,,
ovalau,Ovalau,Fij,Eastern Oceanic | Central Pacific [Fij and Pn] | Eastern Fijian,,,,,
bucabay,Buca Bay,Fij,Eastern Oceanic | Central Pacific [Fij and Pn] | Eastern Fijian,,,,,
bua,Bua,Fij,Eastern Oceanic | Central Pacific [Fij and Pn] | Eastern Fijian,,,,,
boumaa,Boumaa,Fij,Eastern Oceanic | Central Pacific [Fij and Pn] | Eastern Fijian,Bouma,,fiji1243,-18.00, 178.33
namosi,Namosi,Fij,Eastern Oceanic | Central Pacific [Fij and Pn] | Eastern Fijian,,,namo1250,-18.00, 178.33
nabukelevu,Nabukelevu,Fij,Eastern Oceanic | Central Pacific [Fij and Pn] | Eastern Fijian,,,kada1285,-18.00,178.33
niuean,Niuean,Pn,Eastern Oceanic | Central Pacific [Fij and Pn] | Polynesian (subgrouping based on Marck forthcoming) | Tongic,Niue,,niue1239,-19.06,-169.86
tongan,Tongan,Pn,Eastern Oceanic | Central Pacific [Fij and Pn] | Polynesian (subgrouping based on Marck forthcoming) | Tongic,,,tong1325,-21.17,-175.25
anutan,Anutan,Pn,Eastern Oceanic | Central Pacific [Fij and Pn] | Polynesian (subgrouping based on Marck forthcoming) | Nuclear Polynesian,Anuta,,anut1237,-11.61,169.85000000000002
nukumanu,Nukumanu,Pn,Eastern Oceanic | Central Pacific [Fij and Pn] | Polynesian (subgrouping based on Marck forthcoming) | Nuclear Polynesian,,,nuku1258,-4.58,159.49
eastuvean,East Uvean,Pn,Eastern Oceanic | Central Pacific [Fij and Pn] | Polynesian (subgrouping based on Marck forthcoming) | Nuclear Polynesian,E. Uvean; E Uvean; Uvean,,wall1257,-13.29,-176.21
niuatoputapu,Niuatoputapu,Pn,Eastern Oceanic | Central Pacific [Fij and Pn] | Polynesian (subgrouping based on Marck forthcoming) | Nuclear Polynesian,,,niua1241,-15.96,-173.78
niuafoou,Niuafo’ou,Pn,Eastern Oceanic | Central Pacific [Fij and Pn] | Polynesian (subgrouping based on Marck forthcoming) | Nuclear Polynesian,,,niua1240,-15.60,-175.64
eastfutunan,East Futunan,Pn,Eastern Oceanic | Central Pacific [Fij and Pn] | Polynesian (subgrouping based on Marck forthcoming) | Nuclear Polynesian,E. Futunan; E Futunan; E Futuna; Futunan,,east2447,-14.28,-178.14
pukapukan,Pukapukan,Pn,Eastern Oceanic | Central Pacific [Fij and Pn] | Polynesian (subgrouping based on Marck forthcoming) | Nuclear Polynesian,Pukapuka,,puka1242,-10.91,-165.83
rennellese,Rennellese,Pn,Eastern Oceanic | Central Pacific [Fij and Pn] | Polynesian (subgrouping based on Marck forthcoming) | Nuclear Polynesian,Rennellese (Bellona); Rennell,,renn1242,-11.6237,160.265
tikopia,Tikopia,Pn,Eastern Oceanic | Central Pacific [Fij and Pn] | Polynesian (subgrouping based on Marck forthcoming) | Nuclear Polynesian,Tikopian,,tiko1237,-12.2766,168.82200000000003
pileni,Pileni,Pn,Eastern Oceanic | Central Pacific [Fij and Pn] | Polynesian (subgrouping based on Marck forthcoming) | Nuclear Polynesian,,,pile1238,-10.17,166.25
sikaiana,Sikaiana,Pn,Eastern Oceanic | Central Pacific [Fij and Pn] | Polynesian (subgrouping based on Marck forthcoming) | Nuclear Polynesian,,,sika1261,-8.38,162.73
westuvean,West Uvean,Pn,Eastern Oceanic | Central Pacific [Fij and Pn] | Polynesian (subgrouping based on Marck forthcoming) | Nuclear Polynesian,W. Uvean; W Uvean; WUvean,,west2516,-20.41,166.59
westfutunan,West Futunan,Pn,Eastern Oceanic | Central Pacific [Fij and Pn] | Polynesian (subgrouping based on Marck forthcoming) | Nuclear Polynesian,Futuna-Aniwa; W. Futunan; W Futunan; W.Futunan; WFutunan; W Futuna,= Futuna-Aniwa,futu1245,-19.53,170.22
ifiramele,Ifira-Mele,Pn,Eastern Oceanic | Central Pacific [Fij and Pn] | Polynesian (subgrouping based on Marck forthcoming) | Nuclear Polynesian,Mele-Fila; Imere; Mele Fila,"= Mele-Fila, Imere-Ifira",mele1250,-17.6841,168.274
emae,Emae,Pn,Eastern Oceanic | Central Pacific [Fij and Pn] | Polynesian (subgrouping based on Marck forthcoming) | Nuclear Polynesian,,,emae1237,-17.052,168.399
kmaringi,K’maringi,Pn,Eastern Oceanic | Central Pacific [Fij and Pn] | Polynesian (subgrouping based on Marck forthcoming) | Nuclear Polynesian,,,,,
samoan,Samoan,Pn,Eastern Oceanic | Central Pacific [Fij and Pn] | Polynesian (subgrouping based on Marck forthcoming) | Nuclear Polynesian | Samoan/Ellicean/Eastern Polynesian,,,samo1305,-13.92,-171.83
kapingamarangi,Kapingamarangi,Pn,Eastern Oceanic | Central Pacific [Fij and Pn] | Polynesian (subgrouping based on Marck forthcoming) | Nuclear Polynesian | Samoan/Ellicean/Eastern Polynesian | Ellicean/Eastern Polynesian | Ellicean,K’marangi; K'marangi; Kapinga,,kapi1249,1.039166,154.797223
luangiua,Luangiua,Pn,Eastern Oceanic | Central Pacific [Fij and Pn] | Polynesian (subgrouping based on Marck forthcoming) | Nuclear Polynesian | Samoan/Ellicean/Eastern Polynesian | Ellicean/Eastern Polynesian | Ellicean,Ontong Java,,onto1237,-5.49029,159.701
nanumean,Nanumean,Pn,Eastern Oceanic | Central Pacific [Fij and Pn] | Polynesian (subgrouping based on Marck forthcoming) | Nuclear Polynesian | Samoan/Ellicean/Eastern Polynesian | Ellicean/Eastern Polynesian | Ellicean,Nanumea,dialect of Tuvalu,tuva1244,-5.665278,176.1125
nukuoro,Nukuoro,Pn,Eastern Oceanic | Central Pacific [Fij and Pn] | Polynesian (subgrouping based on Marck forthcoming) | Nuclear Polynesian | Samoan/Ellicean/Eastern Polynesian | Ellicean/Eastern Polynesian | Ellicean,,,nuku1260,3.84,154.975
nukuria,Nukuria,Pn,Eastern Oceanic | Central Pacific [Fij and Pn] | Polynesian (subgrouping based on Marck forthcoming) | Nuclear Polynesian | Samoan/Ellicean/Eastern Polynesian | Ellicean/Eastern Polynesian | Ellicean,Nuguria,,nuku1259,-3.40038,154.731
takuu,Takuu,Pn,Eastern Oceanic | Central Pacific [Fij and Pn] | Polynesian (subgrouping based on Marck forthcoming) | Nuclear Polynesian | Samoan/Ellicean/Eastern Polynesian | Ellicean/Eastern Polynesian | Ellicean,,,taku1257,-4.773094,157.032085
tokelauan,Tokelauan,Pn,Eastern Oceanic | Central Pacific [Fij and Pn] | Polynesian (subgrouping based on Marck forthcoming) | Nuclear Polynesian | Samoan/Ellicean/Eastern Polynesian | Ellicean/Eastern Polynesian | Ellicean,Tokelau; Tokelauanan; Tokelaun,,toke1240,-9.227642,-171.780833
tuvalu,Tuvalu,Pn,Eastern Oceanic | Central Pacific [Fij and Pn] | Polynesian (subgrouping based on Marck forthcoming) | Nuclear Polynesian | Samoan/Ellicean/Eastern Polynesian | Ellicean/Eastern Polynesian | Ellicean,Ellicean; Tuvaluan,= Ellicean,tuva1244,-8.520813,179.198088
rapanui,Rapanui,Pn,Eastern Oceanic | Central Pacific [Fij and Pn] | Polynesian (subgrouping based on Marck forthcoming) | Nuclear Polynesian | Samoan/Ellicean/Eastern Polynesian | Ellicean/Eastern Polynesian | Eastern Polynesian,Easter Island,= Easter Island,rapa1244,-27.113,-109.342
mangaia,Mangaia,Pn,Eastern Oceanic | Central Pacific [Fij and Pn] | Polynesian (subgrouping based on Marck forthcoming) | Nuclear Polynesian | Samoan/Ellicean/Eastern Polynesian | Ellicean/Eastern Polynesian | Eastern Polynesian,,,rapa1245,-27.63,-144.34
hawaiian,Hawaiian,Pn,Eastern Oceanic | Central Pacific [Fij and Pn] | Polynesian (subgrouping based on Marck forthcoming) | Nuclear Polynesian | Samoan/Ellicean/Eastern Polynesian | Ellicean/Eastern Polynesian | Eastern Polynesian | Central Eastern Polynesian | Marquesic,Hawaii,,hawa1245,19.6297,-155.43
mangareva,Mangareva,Pn,Eastern Oceanic | Central Pacific [Fij and Pn] | Polynesian (subgrouping based on Marck forthcoming) | Nuclear Polynesian | Samoan/Ellicean/Eastern Polynesian | Ellicean/Eastern Polynesian | Eastern Polynesian | Central Eastern Polynesian | Marquesic,Mangarevan,,mang1401,-23.1095,-134.97
marquesan,Marquesan,Pn,Eastern Oceanic | Central Pacific [Fij and Pn] | Polynesian (subgrouping based on Marck forthcoming) | Nuclear Polynesian | Samoan/Ellicean/Eastern Polynesian | Ellicean/Eastern Polynesian | Eastern Polynesian | Central Eastern Polynesian | Marquesic,Marquesas,,marq1246,-8.954196872999944,-139.6167699859999
manihiki,Manihiki,Pn,Eastern Oceanic | Central Pacific [Fij and Pn] | Polynesian (subgrouping based on Marck forthcoming) | Nuclear Polynesian | Samoan/Ellicean/Eastern Polynesian | Ellicean/Eastern Polynesian | Eastern Polynesian | Central Eastern Polynesian | Tahitic,,,raka1237,-10.03,-161.09
maori,Māori,Pn,Eastern Oceanic | Central Pacific [Fij and Pn] | Polynesian (subgrouping based on Marck forthcoming) | Nuclear Polynesian | Samoan/Ellicean/Eastern Polynesian | Ellicean/Eastern Polynesian | Eastern Polynesian | Central Eastern Polynesian | Tahitic,Maori,,maor1246,-38.2881,176.541
moriori,Moriori,Pn,Eastern Oceanic | Central Pacific [Fij and Pn] | Polynesian (subgrouping based on Marck forthcoming) | Nuclear Polynesian | Samoan/Ellicean/Eastern Polynesian | Ellicean/Eastern Polynesian | Eastern Polynesian | Central Eastern Polynesian | Tahitic,,,mori1267,-44.00,-176.50
rapa,Rapa,Pn,Eastern Oceanic | Central Pacific [Fij and Pn] | Polynesian (subgrouping based on Marck forthcoming) | Nuclear Polynesian | Samoan/Ellicean/Eastern Polynesian | Ellicean/Eastern Polynesian | Eastern Polynesian | Central Eastern Polynesian | Tahitic,,,rapa1245,-27.6304,-144.33800000000002
rarotongan,Rarotongan,Pn,Eastern Oceanic | Central Pacific [Fij and Pn] | Polynesian (subgrouping based on Marck forthcoming) | Nuclear Polynesian | Samoan/Ellicean/Eastern Polynesian | Ellicean/Eastern Polynesian | Eastern Polynesian | Central Eastern Polynesian | Tahitic,,,raro1242,-21.23,-159.78
tahitian,Tahitian,Pn,Eastern Oceanic | Central Pacific [Fij and Pn] | Polynesian (subgrouping based on Marck forthcoming) | Nuclear Polynesian | Samoan/Ellicean/Eastern Polynesian | Ellicean/Eastern Polynesian | Eastern Polynesian | Central Eastern Polynesian | Tahitic,,,tahi1242,-17.6485,-149.45000000000002
tongareva,Tongareva,Pn,Eastern Oceanic | Central Pacific [Fij and Pn] | Polynesian (subgrouping based on Marck forthcoming) | Nuclear Polynesian | Samoan/Ellicean/Eastern Polynesian | Ellicean/Eastern Polynesian | Eastern Polynesian | Central Eastern Polynesian | Tahitic,Penrhyn; Tongarevan,= Penrhyn,penr1237,-9.082238,-157.92290800000004
tuamotuan,Tuamotuan,Pn,Eastern Oceanic | Central Pacific [Fij and Pn] | Polynesian (subgrouping based on Marck forthcoming) | Nuclear Polynesian | Samoan/Ellicean/Eastern Polynesian | Ellicean/Eastern Polynesian | Eastern Polynesian | Central Eastern Polynesian | Tahitic,Tuamotu,,tuam1242,-16.17259,-146.321755
rurutu,Rurutu,Pn,Eastern Oceanic | Central Pacific [Fij and Pn] | Polynesian (subgrouping based on Marck forthcoming) | Nuclear Polynesian | Samoan/Ellicean/Eastern Polynesian | Ellicean/Eastern Polynesian | Eastern Polynesian | Central Eastern Polynesian | Tahitic,,,ruru1237,-23.38,-149.46
