ID,Name,Description,Category,Comment,Cognateset_ID,CognatesetReference_ID,Chapter_ID
1-3-3-4-56-POc-bou-a-1,,,,,1-3-3-4-56-POc-bou-a,1-3-3-4-56-POc-bou-a,1-3
1-3-3-4-56-POc-sokar-a-1,,,,,1-3-3-4-56-POc-sokar-a,1-3-3-4-56-POc-sokar-a,1-3
1-3-3-5-57-POc-logi-a-1,,,,,1-3-3-5-57-POc-logi-a,1-3-3-5-57-POc-logi-a,1-3
1-3-3-5-57-POc-patar-a-1,,,,,1-3-3-5-57-POc-patar-a,1-3-3-5-57-POc-patar-a,1-3
1-3-3-7-63-POc-pera-a-1,,,,,1-3-3-7-63-POc-pera-a,1-3-3-7-63-POc-pera-a,1-3
1-3-3-7-64-POc-malala-a-1,,,,,1-3-3-7-64-POc-malala-a,1-3-3-7-64-POc-malala-a,1-3
1-4-2-1-69-PNGOc-badri-a-1,,,,,1-4-2-1-69-PNGOc-badri-a,1-4-2-1-69-PNGOc-badri-a,1-4
1-4-2-2-72-POc-tabira-a-1,,,,,1-4-2-2-72-POc-tabira-a,1-4-2-2-72-POc-tabira-a,1-4
1-4-2-2-73-PCP-kumete-a-1,the following probable loans from Polynesia:,,,,1-4-2-2-73-PCP-kumete-a,1-4-2-2-73-PCP-kumete-a,1-4
1-4-2-3-78-PWOc-kase-a-1,,,,,1-4-2-3-78-PWOc-kase-a,1-4-2-3-78-PWOc-kase-a,1-4
1-4-3-2-84-POc-piri-a-1,,,,,1-4-3-2-84-POc-piri-a,1-4-3-2-84-POc-piri-a,1-4
1-4-3-2-86-POc-saqit-a-1,,,,,1-4-3-2-86-POc-saqit-a,1-4-3-2-86-POc-saqit-a,1-4
1-4-4-1-91-PEOc-sele-a-1,,,,,1-4-4-1-91-PEOc-sele-a,1-4-4-1-91-PEOc-sele-a,1-4
1-4-4-1-95-POc-giri-a-1,,,,,1-4-4-1-95-POc-giri-a,1-4-4-1-95-POc-giri-a,1-4
1-4-5-1-96-PCP-taba-a-1,,,,,1-4-5-1-96-PCP-taba-a,1-4-5-1-96-PCP-taba-a,1-4
1-4-5-3-100-POc-lumuk-a-1,,,,,1-4-5-3-100-POc-lumuk-a,1-4-5-3-100-POc-lumuk-a,1-4
1-4-5-3-101-PWOc-tapal-a-1,,,,,1-4-5-3-101-PWOc-tapal-a,1-4-5-3-101-PWOc-tapal-a,1-4
1-4-5-5-104-POc-sabisabi-a-1,,,,,1-4-5-5-104-POc-sabisabi-a,1-4-5-5-104-POc-sabisabi-a,1-4
1-4-7-1-111-POc-salap-a-1,,,,,1-4-7-1-111-POc-salap-a,1-4-7-1-111-POc-salap-a,1-4
1-5-5-1-121-PWOc-lamo-a-1,,,,,1-5-5-1-121-PWOc-lamo-a,1-5-5-1-121-PWOc-lamo-a,1-5
1-5-5-2-122-POc-sokot-a-1,,,,,1-5-5-2-122-POc-sokot-a,1-5-5-2-122-POc-sokot-a,1-5
1-5-5-4-123-POc-keli-a-1,,,,,1-5-5-4-123-POc-keli-a,1-5-5-4-123-POc-keli-a,1-5
1-5-5-4-124-POc-suar-a-1,,,,,1-5-5-4-124-POc-suar-a,1-5-5-4-124-POc-suar-a,1-5
1-5-8-2-132-PEOc-pasi-a-1,,,,,1-5-8-2-132-PEOc-pasi-a,1-5-8-2-132-PEOc-pasi-a,1-5
1-5-8-2-132-POc-tanum-a-1,,,,,1-5-8-2-132-POc-tanum-a,1-5-8-2-132-POc-tanum-a,1-5
1-5-9-4-135-POc-malai-a-1,,,,,1-5-9-4-135-POc-malai-a,1-5-9-4-135-POc-malai-a,1-5
1-5-10-None-137-POc-saput-a-1,,,,,1-5-10-None-137-POc-saput-a,1-5-10-None-137-POc-saput-a,1-5
1-5-10-None-137-PCP-paki-a-1,,,,,1-5-10-None-137-PCP-paki-a,1-5-10-None-137-PCP-paki-a,1-5
1-5-12-None-139-POc-logi-a-1,,,,,1-3-3-5-57-POc-logi-a,1-5-12-None-139-POc-logi-a,1-5
1-6-2-4-147-POc-rapur-a-1,,,,,1-3-3-6-59-POc-rapur-a,1-6-2-4-147-POc-rapur-a,1-6
1-6-2-7-148-POc-kapit-a-1,,,,,1-6-2-7-148-POc-kapit-a,1-6-2-7-148-POc-kapit-a,1-6
1-6-3-5-153-POc-rara-a-1,,,,,1-6-3-5-153-POc-rara-a,1-6-3-5-153-POc-rara-a,1-6
1-6-5-8-169-POc-ppippit-a-1,,,,,1-6-5-8-169-POc-ppippit-a,1-6-5-8-169-POc-ppippit-a,1-6
1-7-2-2-182-PEOc-paqurua-a-1,,,,,1-7-2-2-182-PEOc-paqurua-a,1-7-2-2-182-PEOc-paqurua-a,1-7
1-7-5-3-196-PEOc-kaiutuqur-a-1,,,,,1-7-5-3-196-PEOc-kaiutuqur-a,1-7-5-3-196-PEOc-kaiutuqur-a,1-7
1-7-7-2-200-PEOc-suac-a-1,,,,,1-7-7-2-200-PEOc-suac-a,1-7-7-2-200-PEOc-suac-a,1-7
1-7-7-3-200-POc-tokon-a-1,,,,,1-7-7-3-200-POc-tokon-a,1-7-7-3-200-POc-tokon-a,1-7
1-7-7-5-202-PCP-tadravu-a-1,,,,,1-7-7-5-202-PCP-tadravu-a,1-7-7-5-202-PCP-tadravu-a,1-7
1-7-8-3-204-POc-sawa-a-1,,,,,1-7-8-3-204-POc-sawa-a,1-7-8-3-204-POc-sawa-a,1-7
1-7-9-2-206-POc-palaur-a-1,,,,,1-7-9-2-206-POc-palaur-a,1-7-9-2-206-POc-palaur-a,1-7
1-7-9-3-207-PEOc-tautasik-a-1,,,,,1-7-9-3-207-PEOc-tautasik-a,1-7-9-3-207-PEOc-tautasik-a,1-7
1-9-2-1-236-POc-giri-a-1,,,,,1-9-2-1-236-POc-giri-a,1-9-2-1-236-POc-giri-a,1-9
1-9-2-2-239-POc-karas-a-1,,,,,1-6-5-2-163-POc-karas-a,1-9-2-2-239-POc-karas-a,1-9
1-9-2-2-240-POc-kasi-a-1,,,,,1-6-5-2-162-POc-kasi-a,1-9-2-2-240-POc-kasi-a,1-9
1-9-3-1-247-POc-kutu-a-1,,,,,1-9-3-1-247-POc-kutu-a,1-9-3-1-247-POc-kutu-a,1-9
1-9-3-1-248-POc-muju-a-1,,,,,1-9-3-1-248-POc-muju-a,1-9-3-1-248-POc-muju-a,1-9
1-9-3-1-250-POc-siba-a-1,,,,,1-9-3-1-250-POc-siba-a,1-9-3-1-250-POc-siba-a,1-9
1-9-3-2-250-POc-ppasi-a-1,,,,,1-9-3-2-250-POc-ppasi-a,1-9-3-2-250-POc-ppasi-a,1-9
1-9-3-2-251-POc-poka-a-1,,,,,1-9-3-2-251-POc-poka-a,1-9-3-2-251-POc-poka-a,1-9
1-9-3-5-254-POc-kolo-a-1,,,,,1-9-3-5-254-POc-kolo-a,1-9-3-5-254-POc-kolo-a,1-9
1-9-3-7-258-POc-tosi-a-1,,,,,1-9-3-7-258-POc-tosi-a,1-9-3-7-258-POc-tosi-a,1-9
1-9-3-8-260-POc-ppolaq-a-1,,,,,1-9-3-8-260-POc-ppolaq-a,1-9-3-8-260-POc-ppolaq-a,1-9
1-9-3-8-261-POc-botak-a-1,,,,,1-6-5-5-167-POc-potak-a,1-9-3-8-261-POc-botak-a,1-9
1-9-3-8-261-POc-kakas-a-1,,,,,1-9-3-8-261-POc-kakas-a,1-9-3-8-261-POc-kakas-a,1-9
1-9-3-9-263-POc-sika-a-1,,,,,1-8-2-None-215-POc-sika-a,1-9-3-9-263-POc-sika-a,1-9
1-9-4-2-266-POc-buru-a-1,,,,,1-9-4-2-266-POc-buru-a,1-9-4-2-266-POc-buru-a,1-9
1-9-5-2-276-PEOc-porak-a-1,,,,,1-9-5-2-276-PEOc-porak-a,1-9-5-2-276-PEOc-porak-a,1-9
1-9-6-1-278-POc-saput-a-1,,,,,1-9-6-1-278-POc-saput-a,1-9-6-1-278-POc-saput-a,1-9
1-9-6-1-279-POc-sapaki-a-1,,,,,1-9-6-1-279-POc-sapaki-a,1-9-6-1-279-POc-sapaki-a,1-9
1-9-6-1-279-POc-paki-a-1,,,,,1-9-6-1-279-POc-sapaki-a,1-9-6-1-279-POc-paki-a,1-9
1-9-7-None-282-POc-ppippit-a-1,,,,,1-6-5-8-169-POc-ppippit-a,1-9-7-None-282-POc-ppippit-a,1-9
1-9-7-None-283-PNNG-ppisak-a-1,,,,,1-9-7-None-283-PNNG-ppisak-a,1-9-7-None-283-PNNG-ppisak-a,1-9
1-9-8-None-286-POc-piri-a-1,,,,,1-4-3-2-84-POc-piri-a,1-9-8-None-286-POc-piri-a,1-9
1-9-8-None-287-PEOc-piripiri-a-1,,,,,1-4-3-2-84-PEOc-piripiri-a,1-9-8-None-287-PEOc-piripiri-a,1-9
1-9-8-None-287-POc-piro-a-1,,,,,1-9-8-None-287-POc-piro-a,1-9-8-None-287-POc-piro-a,1-9
1-9-8-None-287-PEOc-pilos-a-1,,,,,1-9-8-None-287-PEOc-pilos-a,1-9-8-None-287-PEOc-pilos-a,1-9
1-9-8-None-289-PWOc-buogo-a-1,,,,,1-9-8-None-289-PWOc-buogo-a,1-9-8-None-289-PWOc-buogo-a,1-9
1-9-8-None-289-POc-kilis-a-1,,,,,1-9-8-None-289-POc-kilis-a,1-9-8-None-289-POc-kilis-a,1-9
1-9-11-None-294-POc-sokot-a-1,,,,,1-5-5-2-122-POc-sokot-a,1-9-11-None-294-POc-sokot-a,1-9
2-3-2-1-40-POc-panua-a-1,Examples of phrasal expressions containing reflexes of _*panua_,,,,1-3-3-7-62-POc-panua-a,2-3-2-1-40-POc-panua-a,2-3
2-3-2-1-40-POc-panua-a-2,"Other examples refer to more planetary aspects, such as the day/night cycle and weather",,,,1-3-3-7-62-POc-panua-a,2-3-2-1-40-POc-panua-a,2-3
2-3-2-1-41-POc-tanoq-a-1,"Certain conventional phrases, such as the following, indicate the semantic range of reflexes of _*tanoq_",,,,1-5-4-None-119-POc-tanoq-a,2-3-2-1-41-POc-tanoq-a,2-3
2-3-3-1-44-POc-bbiker-a-1,the following Huon Gulf terms:,,,,2-3-3-1-44-POc-bbiker-a,2-3-3-1-44-POc-bbiker-a,2-3
2-3-4-2-52-POc-salil-a-1,,,,,2-3-4-2-52-POc-salil-a,2-3-4-2-52-POc-salil-a,2-3
2-3-5-2-57-POc-gkopu-a-1,,,,,2-3-5-2-57-POc-gkopu-a,2-3-5-2-57-POc-gkopu-a,2-3
2-3-8-2-72-POc-aliton-a-1,,,,,2-3-8-2-72-POc-aliton-a,2-3-8-2-72-POc-aliton-a,2-3
2-3-8-2-74-PEOc-malala-a-1,,,,,2-3-8-2-74-PEOc-malala-a,2-3-8-2-74-PEOc-malala-a,2-3
2-3-8-3-76-POc-kgabu-a-1,,,,,2-3-8-3-76-POc-kgabu-a,2-3-8-3-76-POc-kgabu-a,2-3
2-3-8-3-77-POc-bula-a-1,,,,,2-3-8-3-77-POc-bula-a,2-3-8-3-77-POc-bula-a,2-3
2-3-8-4-79-PCP-kobulu-a-1,,,,,2-3-8-4-79-PCP-kobulu-a,2-3-8-4-79-PCP-kobulu-a,2-3
2-3-8-4-79-POc-mayaniapi-a-1,"the following, where there is semantic correspondence even though one or more of the elements does not reflect the POc forms:",,,,2-3-8-4-79-POc-mayaniapi-a,2-3-8-4-79-POc-mayaniapi-a,2-3
2-3-8-4-80-PEOc-maka-a-1,,,,,2-3-8-4-80-PEOc-maka-a,2-3-8-4-80-PEOc-maka-a,2-3
2-3-9-2-83-POc-drikedrike-a-1,,,,,2-3-9-2-83-POc-drikedrike-a,2-3-9-2-83-POc-drikedrike-a,2-3
2-4-2-2-95-PEOc-tasikmate-a-1,,,,,2-4-2-2-95-PEOc-tasikmate-a,2-4-2-2-95-PEOc-tasikmate-a,2-4
2-4-2-4-100-POc-bayau-a-1,,,,,2-4-2-4-100-POc-bayau-a,2-4-2-4-100-POc-bayau-a,2-4
2-4-2-5-101-POc-busa-a-1,,,,,2-4-2-5-101-POc-busa-a,2-4-2-5-101-POc-busa-a,2-4
2-6-5-2-171-POc-buluq-a-1,,,,,2-6-5-2-171-POc-buluq-a,2-6-5-2-171-POc-buluq-a,2-6
2-6-5-2-175-PChk-mailapa-a-1,,,,,2-6-5-2-175-PChk-mailapa-a,2-6-5-2-175-PChk-mailapa-a,2-6
2-6-5-2-177-PChk-ukulik-a-1,,,,,2-6-5-2-177-PChk-ukulik-a,2-6-5-2-177-PChk-ukulik-a,2-6
2-7-2-None-197-POc-lapuat-a-1,,,,,2-7-2-None-197-POc-lapuat-a,2-7-2-None-197-POc-lapuat-a,2-7
2-7-5-1-218-POc-rabar-a-1,,,,,2-7-5-1-218-POc-rabar-a,2-7-5-1-218-POc-rabar-a,2-7
2-7-5-1-219-POc-tonuq-a-1,,,,,2-7-5-1-219-POc-tonuq-a,2-7-5-1-219-POc-tonuq-a,2-7
2-8-2-2-242-POc-atas-a-1,,,,,2-8-2-2-242-POc-atas-a,2-8-2-2-242-POc-atas-a,2-8
2-8-2-2-244-POc-liwa-a-1,,,,,2-8-2-2-244-POc-liwa-a,2-8-2-2-244-POc-liwa-a,2-8
2-8-2-3-254-POc-papara-a-1,,,,,2-8-2-3-254-POc-papara-a,2-8-2-3-254-POc-papara-a,2-8
2-8-2-3-255-POc-bali-a-1,,,,,2-8-2-3-255-POc-bali-a,2-8-2-3-255-POc-bali-a,2-8
2-8-2-3-263-POc-takuru-a-1,,,,,2-8-2-3-263-POc-takuru-a,2-8-2-3-263-POc-takuru-a,2-8
2-9-3-3-327-POc-naboi-a-1,,,,,2-9-3-3-327-POc-naboi-a,2-9-3-3-327-POc-naboi-a,2-9
2-9-3-3-328-POc-irapi-a-1,,,,,2-9-3-3-328-POc-irapi-a,2-9-3-3-328-POc-irapi-a,2-9
2-9-3-3-330-POc-maraqani-a-1,,,,,2-9-3-3-330-POc-maraqani-a,2-9-3-3-330-POc-maraqani-a,2-9
3-2-5-None-35-POc-waruwaru-a-1,,,,,3-2-5-None-35-POc-waruwaru-a,3-2-5-None-35-POc-waruwaru-a,3-2
3-2-6-1-41-POc-kana-a-1,,,,,3-2-6-1-41-POc-kana-a,3-2-6-1-41-POc-kana-a,3-2
3-4-2-4-99-POc-wakar-a-1,,,,,3-4-2-4-99-POc-wakar-a,3-4-2-4-99-POc-wakar-a,3-4
3-4-2-11-123-POc-buliut-a-1,,,,,3-4-2-11-123-POc-buliut-a,3-4-2-11-123-POc-buliut-a,3-4
3-5-3-2-133-POc-qateqate-a-1,,,,,3-5-3-2-133-POc-qateqate-a,3-5-3-2-133-POc-qateqate-a,3-5
3-5-4-1-137-POc-biribiri-a-1,,,,,3-5-4-1-137-POc-biribiri-a,3-5-4-1-137-POc-biribiri-a,3-5
3-5-4-1-140-PEOc-pakalo-a-1,,,,,3-5-4-1-140-PEOc-pakalo-a,3-5-4-1-140-PEOc-pakalo-a,3-5
3-5-4-2-147-POc-ware-a-1,,,,,3-5-4-2-147-POc-ware-a,3-5-4-2-147-POc-ware-a,3-5
3-5-5-3-154-POc-tamanu-a-1,,,,,3-5-5-3-154-POc-tamanu-a,3-5-5-3-154-POc-tamanu-a,3-5
3-5-5-3-155-POc-dalo-a-1,,,,,3-5-5-3-155-POc-dalo-a,3-5-5-3-155-POc-dalo-a,3-5
3-5-5-6-162-PPn-poumuli-a-1,,,,,3-5-5-6-162-PPn-poumuli-a,3-5-5-6-162-PPn-poumuli-a,3-5
3-5-5-9-166-POc-qope-a-1,,,,,3-5-5-9-166-POc-qope-a,3-5-5-9-166-POc-qope-a,3-5
3-5-5-13-171-POc-qarop-a-1,,,,,3-5-5-13-171-POc-qarop-a,3-5-5-13-171-POc-qarop-a,3-5
3-7-4-2-192-POc-mmasoqu-a-1,,,,,3-7-4-2-192-POc-mmasoqu-a,3-7-4-2-192-POc-mmasoqu-a,3-7
3-7-4-12-206-POc-pasarr-a-1,,,,,3-7-4-12-206-POc-pasarr-a,3-7-4-12-206-POc-pasarr-a,3-7
3-7-5-7-214-POc-paqu-a-1,,,,,3-7-5-7-214-POc-paqu-a,3-7-5-7-214-POc-paqu-a,3-7
3-7-5-10-220-PMM-tita-a-1,,,,,3-7-5-10-220-PMM-tita-a,3-7-5-10-220-PMM-tita-a,3-7
3-7-6-1-226-PEOc-sinu-a-1,,,,,3-7-6-1-226-PEOc-sinu-a,3-7-6-1-226-PEOc-sinu-a,3-7
3-8-2-2-239-PCP-doi-a-1,,,,,3-8-2-2-239-PCP-doi-a,3-8-2-2-239-PCP-doi-a,3-8
3-9-2-1-262-POc-pasepe-a-1,,,,,3-9-2-1-262-POc-pasepe-a,3-9-2-1-262-POc-pasepe-a,3-9
3-9-2-1-262-POc-patika-a-1,,,,,3-9-2-1-262-POc-patika-a,3-9-2-1-262-POc-patika-a,3-9
3-9-2-1-263-PWOc-kamisa-a-1,,,,,3-9-2-1-263-PWOc-kamisa-a,3-9-2-1-263-PWOc-kamisa-a,3-9
3-9-2-1-264-PWOc-mamisa-a-1,,,,,3-9-2-1-264-PWOc-mamisa-a,3-9-2-1-264-PWOc-mamisa-a,3-9
3-9-2-1-264-PROc-damu-a-1,,,,,3-9-2-1-264-PROc-damu-a,3-9-2-1-264-PROc-damu-a,3-9
3-9-3-None-279-POc-baqun-a-1,,,,,3-9-3-None-279-POc-baqun-a,3-9-3-None-279-POc-baqun-a,3-9
3-10-3-2-301-PWOc-tabuqar-a-1,,,,,3-10-3-2-301-PWOc-tabuqar-a,3-10-3-2-301-PWOc-tabuqar-a,3-10
3-10-4-1-305-POc-bakga-a-1,,,,,3-10-4-1-305-POc-bakga-a,3-10-4-1-305-POc-bakga-a,3-10
3-11-2-1-315-POc-kaari-a-1,,,,,3-11-2-1-315-POc-kaari-a,3-11-2-1-315-POc-kaari-a,3-11
3-11-2-4-326-POc-qatv-a-1,,,,,3-11-2-4-326-POc-qatv-a,3-11-2-4-326-POc-qatv-a,3-11
3-11-2-5-332-POc-mana-a-1,,,,,3-11-2-5-332-POc-mana-a,3-11-2-5-332-POc-mana-a,3-11
3-11-3-3-340-POc-iubu-a-1,,,,,3-11-3-3-340-POc-iubu-a,3-11-3-3-340-POc-iubu-a,3-11
3-11-3-4-342-PWOc-kasuwai-a-1,,,,,3-11-3-4-342-PWOc-kasuwai-a,3-11-3-4-342-PWOc-kasuwai-a,3-11
3-11-3-7-350-POc-mariasapa-a-1,,,,,3-11-3-7-350-POc-mariasapa-a,3-11-3-7-350-POc-mariasapa-a,3-11
3-11-4-2-352-PWOc-lapuka-a-1,,,,,3-11-4-2-352-PWOc-lapuka-a,3-11-4-2-352-PWOc-lapuka-a,3-11
3-12-3-4-364-POc-kulu-a-1,,,,,3-12-3-4-364-POc-kulu-a,3-12-3-4-364-POc-kulu-a,3-12
3-12-3-4-365-POc-marao-b-1,,,,,1-5-9-4-135-POc-marao-a,3-12-3-4-365-POc-marao-b,3-12
3-12-3-5-366-POc-taba-a-1,,,,,3-12-3-5-366-POc-taba-a,3-12-3-5-366-POc-taba-a,3-12
3-12-5-1-380-POc-usiri-a-1,,,,,3-12-5-1-380-POc-usiri-a,3-12-5-1-380-POc-usiri-a,3-12
3-12-5-1-380-PWOc-pagal-a-1,,,,,3-12-5-1-380-PWOc-pagal-a,3-12-5-1-380-PWOc-pagal-a,3-12
3-12-5-1-381-POc-suluq-a-1,,,,,3-12-5-1-381-POc-suluq-a,3-12-5-1-381-POc-suluq-a,3-12
3-12-5-1-382-POc-ramar-a-1,,,,,1-8-8-None-221-POc-dramar-a,3-12-5-1-382-POc-ramar-a,3-12
3-12-5-1-383-POc-balapbaq-a-1,,,,,3-12-5-1-383-POc-balapbaq-a,3-12-5-1-383-POc-balapbaq-a,3-12
3-12-5-1-383-POc-sasari-a-1,,,,,3-12-5-1-383-POc-sasari-a,3-12-5-1-383-POc-sasari-a,3-12
3-13-2-1-390-POc-topu-a-1,,,,,3-13-2-1-390-POc-topu-a,3-13-2-1-390-POc-topu-a,3-13
3-13-2-2-395-PMM-siqarra-a-1,,,,,3-13-2-2-395-PMM-siqarra-a,3-13-2-2-395-PMM-siqarra-a,3-13
3-13-6-4-418-PWOc-marre-a-1,,,,,3-13-6-4-418-PWOc-marre-a,3-13-6-4-418-PWOc-marre-a,3-13
3-13-6-4-419-POc-kariqa-a-1,,,,,3-13-6-4-419-POc-kariqa-a,3-13-6-4-419-POc-kariqa-a,3-13
4-2-4-None-30-POc-bakewa-a-1,,,,,4-2-4-None-30-POc-bakewa-a,4-2-4-None-30-POc-bakewa-a,4-2
4-2-4-None-31-POc-maewa-a-1,,,,,4-2-4-None-31-POc-maewa-a,4-2-4-None-31-POc-maewa-a,4-2
4-2-4-None-32-PCP-qaso-a-1,,,,,4-2-4-None-32-PCP-qaso-a,4-2-4-None-32-PCP-qaso-a,4-2
4-2-6-None-36-POc-kuro-a-1,,,,,4-2-6-None-36-POc-kuro-a,4-2-6-None-36-POc-kuro-a,4-2
4-2-6-None-37-POc-pupulan-a-1,,,,,4-2-6-None-37-POc-pupulan-a,4-2-6-None-37-POc-pupulan-a,4-2
4-2-7-None-40-PEOc-buma-a-1,The items listed here other than from Ba are due to John Lynch (pers. comm.),,,,4-2-7-None-40-PEOc-buma-a,4-2-7-None-40-PEOc-buma-a,4-2
4-2-8-None-41-POc-qawaq-a-1,,,,,4-2-8-None-41-POc-qawaq-a,4-2-8-None-41-POc-qawaq-a,4-2
4-2-11-3-45-PROc-bonu-a-1,,,,,4-2-11-3-45-PROc-bonu-a,4-2-11-3-45-PROc-bonu-a,4-2
4-2-11-5-46-PROc-maraya-a-1,,,,,4-2-11-5-46-PROc-maraya-a,4-2-11-5-46-PROc-maraya-a,4-2
4-2-11-5-47-POc-kqasuli-a-1,,,,,4-2-11-5-47-POc-kqasuli-a,4-2-11-5-47-POc-kqasuli-a,4-2
4-2-11-5-47-POc-tdoloq-a-1,,,,,4-2-11-5-47-POc-tdoloq-a,4-2-11-5-47-POc-tdoloq-a,4-2
4-2-11-5-48-PEOc-pulewa-a-1,,,,,4-2-11-5-48-PEOc-pulewa-a,4-2-11-5-48-PEOc-pulewa-a,4-2
4-2-13-None-50-POc-makor-a-1,,,,,4-2-13-None-50-POc-makor-a,4-2-13-None-50-POc-makor-a,4-2
4-2-13-None-51-POc-panapa-a-1,,,,,4-2-13-None-51-POc-panapa-a,4-2-13-None-51-POc-panapa-a,4-2
4-2-14-None-53-POc-taraqan-a-1,,,,,4-2-14-None-53-POc-taraqan-a,4-2-14-None-53-POc-taraqan-a,4-2
4-2-14-None-55-POc-jori-a-1,,,,,4-2-14-None-55-POc-jori-a,4-2-14-None-55-POc-jori-a,4-2
4-2-16-None-56-POc-puqaya-a-1,,,,,4-2-16-None-56-POc-puqaya-a,4-2-16-None-56-POc-puqaya-a,4-2
4-2-18-None-59-POc-kqaruas-a-1,,,,,4-2-18-None-59-POc-kqaruas-a,4-2-18-None-59-POc-kqaruas-a,4-2
4-2-20-None-62-POc-qalu-a-1,,,,,4-2-20-None-62-POc-qalu-a,4-2-20-None-62-POc-qalu-a,4-2
4-2-22-None-64-POc-kurapu-a-1,,,,,4-2-22-None-64-POc-kurapu-a,4-2-22-None-64-POc-kurapu-a,4-2
4-2-22-None-66-POc-kawakawa-a-1,,,,,4-2-22-None-66-POc-kawakawa-a,4-2-22-None-66-POc-kawakawa-a,4-2
4-2-26-None-70-POc-qulua-a-1,,,,,4-2-26-None-70-POc-qulua-a,4-2-26-None-70-POc-qulua-a,4-2
4-2-27-None-73-POc-palata-a-1,,,,,4-2-27-None-73-POc-palata-a,4-2-27-None-73-POc-palata-a,4-2
4-2-30-None-76-POc-bapwa-a-1,,,,,4-2-30-None-76-POc-bapwa-a,4-2-30-None-76-POc-bapwa-a,4-2
4-2-30-None-76-POc-sabutu-a-1,,,,,4-2-30-None-76-POc-sabutu-a,4-2-30-None-76-POc-sabutu-a,4-2
4-2-30-None-78-POc-kiepv-a-1,,,,,4-2-30-None-78-POc-kiepv-a,4-2-30-None-78-POc-kiepv-a,4-2
4-2-34-None-80-POc-lau-a-1,,,,,4-2-34-None-80-POc-lau-a,4-2-34-None-80-POc-lau-a,4-2
4-2-36-None-81-POc-kulabo-a-1,,,,,4-2-36-None-81-POc-kulabo-a,4-2-36-None-81-POc-kulabo-a,4-2
4-2-36-None-82-POc-susul-a-1,,,,,4-2-36-None-82-POc-susul-a,4-2-36-None-82-POc-susul-a,4-2
4-2-37-None-86-POc-sapulu-a-1,,,,,4-2-37-None-86-POc-sapulu-a,4-2-37-None-86-POc-sapulu-a,4-2
4-2-46-None-93-POc-babu-a-1,,,,,4-2-46-None-93-POc-babu-a,4-2-46-None-93-POc-babu-a,4-2
4-2-46-None-94-PEOc-lapi-a-1,,,,,4-2-46-None-94-PEOc-lapi-a,4-2-46-None-94-PEOc-lapi-a,4-2
4-2-47-None-96-POc-kamaiutuq-a-1,,,,,4-2-47-None-96-POc-kamaiutuq-a,4-2-47-None-96-POc-kamaiutuq-a,4-2
4-2-47-None-97-POc-mkarawa-a-1,,,,,4-2-47-None-97-POc-mkarawa-a,4-2-47-None-97-POc-mkarawa-a,4-2
4-2-47-None-98-POc-mamanu-a-1,,,,,4-2-47-None-98-POc-mamanu-a,4-2-47-None-98-POc-mamanu-a,4-2
4-2-47-None-98-POc-bos-a-1,,,,,4-2-47-None-98-POc-bos-a,4-2-47-None-98-POc-bos-a,4-2
4-2-49-None-99-POc-kakawa-a-1,,,,,4-2-49-None-99-POc-kakawa-a,4-2-49-None-99-POc-kakawa-a,4-2
4-2-54-None-101-POc-qume-a-1,,,,,4-2-54-None-101-POc-qume-a,4-2-54-None-101-POc-qume-a,4-2
4-2-54-None-103-POc-mara-a-1,,,,,4-2-54-None-103-POc-mara-a,4-2-54-None-103-POc-mara-a,4-2
4-2-54-None-103-POc-qapalir-a-1,,,,,4-2-54-None-103-POc-qapalir-a,4-2-54-None-103-POc-qapalir-a,4-2
4-2-54-None-106-PEOc-bonea-a-1,,,,,4-2-54-None-106-PEOc-bonea-a,4-2-54-None-106-PEOc-bonea-a,4-2
4-2-54-None-106-POc-makqeto-a-1,,,,,4-2-54-None-106-POc-makqeto-a,4-2-54-None-106-POc-makqeto-a,4-2
4-2-54-None-107-POc-balaki-a-1,,,,,4-2-54-None-107-POc-balaki-a,4-2-54-None-107-POc-balaki-a,4-2
4-2-55-None-108-POc-kito-a-1,,,,,4-2-55-None-108-POc-kito-a,4-2-55-None-108-POc-kito-a,4-2
4-2-55-None-109-POc-roro-a-1,,,,,4-2-55-None-109-POc-roro-a,4-2-55-None-109-POc-roro-a,4-2
4-2-57-None-113-PROc-tawatawa-a-1,,,,,4-2-57-None-113-PROc-tawatawa-a,4-2-57-None-113-PROc-tawatawa-a,4-2
4-2-57-None-114-POc-tairi-a-1,,,,,4-2-57-None-114-POc-tairi-a,4-2-57-None-114-POc-tairi-a,4-2
4-2-57-None-115-POc-jalala-a-1,,,,,4-2-57-None-115-POc-jalala-a,4-2-57-None-115-POc-jalala-a,4-2
4-2-59-None-118-POc-lapaq-a-1,,,,,4-2-59-None-118-POc-lapaq-a,4-2-59-None-118-POc-lapaq-a,4-2
4-2-61-None-122-POc-barubaru-a-1,,,,,4-2-61-None-122-POc-barubaru-a,4-2-61-None-122-POc-barubaru-a,4-2
4-2-63-None-127-POc-boeboe-a-1,,,,,4-2-63-None-127-POc-boeboe-a,4-2-63-None-127-POc-boeboe-a,4-2
4-2-63-None-127-POc-buli-a-1,,,,,4-2-63-None-127-POc-buli-a,4-2-63-None-127-POc-buli-a,4-2
4-2-63-None-127-PCP-jexejexe-a-1,,,,,4-2-63-None-127-PCP-jexejexe-a,4-2-63-None-127-PCP-jexejexe-a,4-2
4-2-63-None-128-PROc-bakare-a-1,,,,,4-2-63-None-128-PROc-bakare-a,4-2-63-None-128-PROc-bakare-a,4-2
4-2-66-1-129-POc-bira-a-1,,,,,4-2-66-1-129-POc-bira-a,4-2-66-1-129-POc-bira-a,4-2
4-2-66-2-129-POc-qasa-a-1,,,,,4-2-66-2-129-POc-qasa-a,4-2-66-2-129-POc-qasa-a,4-2
4-2-66-2-130-POc-gara-a-1,,,,,4-2-66-2-130-POc-gara-a,4-2-66-2-130-POc-gara-a,4-2
4-2-66-3-131-POc-qunapi-a-1,,,,,4-2-66-3-131-POc-qunapi-a,4-2-66-3-131-POc-qunapi-a,4-2
4-2-66-4-133-PEOc-kabakaba-a-1,,,,,4-2-66-4-133-PEOc-kabakaba-a,4-2-66-4-133-PEOc-kabakaba-a,4-2
4-2-66-4-134-POc-siriko-a-1,,,,,4-2-66-4-134-POc-siriko-a,4-2-66-4-134-POc-siriko-a,4-2
4-4-3-2-167-PCP-jabajaba-a-1,,,,,4-4-3-2-167-PCP-jabajaba-a,4-4-3-2-167-PCP-jabajaba-a,4-4
4-4-3-3-168-PROc-lura-a-1,,,,,4-4-3-3-168-PROc-lura-a,4-4-3-3-168-PROc-lura-a,4-4
4-4-3-5-173-POc-tubara-a-1,,,,,4-4-3-5-173-POc-tubara-a,4-4-3-5-173-POc-tubara-a,4-4
4-4-3-5-173-POc-rakumu-a-1,,,,,4-4-3-5-173-POc-rakumu-a,4-4-3-5-173-POc-rakumu-a,4-4
4-4-3-5-176-PEOc-karuve-a-1,,,,,4-4-3-5-176-PEOc-karuve-a,4-4-3-5-176-PEOc-karuve-a,4-4
4-4-3-5-177-PEOc-kakaka-a-1,,,,,4-4-3-5-177-PEOc-kakaka-a,4-4-3-5-177-PEOc-kakaka-a,4-4
4-4-3-5-177-POc-karaka-a-1,,,,,4-4-3-5-177-POc-karaka-a,4-4-3-5-177-POc-karaka-a,4-4
4-4-3-5-177-POc-gkalau-a-1,,,,,4-4-3-5-177-POc-gkalau-a,4-4-3-5-177-POc-gkalau-a,4-4
4-4-3-7-179-ProtoMalaitaMakira-sisira-a-1,,,,,4-4-3-7-179-ProtoMalaitaMakira-sisira-a,4-4-3-7-179-ProtoMalaitaMakira-sisira-a,4-4
4-4-4-2-181-POc-raa-a-1,,,,,4-4-4-2-181-POc-raa-a,4-4-4-2-181-POc-raa-a,4-4
4-4-4-2-183-PEOc-matabuku-a-1,,,,,4-4-4-2-183-PEOc-matabuku-a,4-4-4-2-183-PEOc-matabuku-a,4-4
4-4-4-2-184-POc-sisiq-a-1,,,,,4-4-4-2-184-POc-sisiq-a,4-4-4-2-184-POc-sisiq-a,4-4
4-4-4-2-186-POc-lalak-a-1,"the following, all possibly borrowed from Tok Pisin _lalai_",,,,4-4-4-2-186-POc-lalak-a,4-4-4-2-186-POc-lalak-a,4-4
4-4-4-2-188-POc-burua-a-1,,,,,4-4-4-2-188-POc-burua-a,4-4-4-2-188-POc-burua-a,4-4
4-4-4-3-190-PEOc-bvasua-a-1,,,,,4-4-4-3-190-PEOc-bvasua-a,4-4-4-3-190-PEOc-bvasua-a,4-4
4-4-4-3-191-POc-kasi-a-1,,,,,4-4-4-3-191-POc-kasi-a,4-4-4-3-191-POc-kasi-a,4-4
4-4-4-3-193-POc-japi-a-1,,,,,1-4-5-5-104-POc-japi-a,4-4-4-3-193-POc-japi-a,4-4
4-4-4-3-196-PMM-game-a-1,,,,,4-4-4-3-196-PMM-game-a,4-4-4-3-196-PMM-game-a,4-4
4-4-4-4-197-PEOc-tadruku-a-1,,,,,4-4-4-4-197-PEOc-tadruku-a,4-4-4-4-197-PEOc-tadruku-a,4-4
4-4-4-6-200-POc-nusa-a-1,,,,,4-4-4-6-200-POc-nusa-a,4-4-4-6-200-POc-nusa-a,4-4
4-4-4-6-200-POc-managi-a-1,,,,,4-4-4-6-200-POc-managi-a,4-4-4-6-200-POc-managi-a,4-4
4-4-5-1-203-POc-sarawaki-a-1,,,,,4-4-5-1-203-POc-sarawaki-a,4-4-5-1-203-POc-sarawaki-a,4-4
4-4-5-1-203-POc-salan-a-1,,,,,4-4-5-1-203-POc-salan-a,4-4-5-1-203-POc-salan-a,4-4
4-4-5-1-204-PCP-wana-a-1,,,,,4-4-5-1-204-PCP-wana-a,4-4-5-1-204-PCP-wana-a,4-4
4-4-5-2-204-POc-pbula-a-1,,,,,4-4-5-2-204-POc-pbula-a,4-4-5-2-204-POc-pbula-a,4-4
4-4-5-2-205-PCP-tarasea-a-1,,,,,4-4-5-2-205-PCP-tarasea-a,4-4-5-2-205-PCP-tarasea-a,4-4
4-4-5-3-206-POc-saasaa-a-1,,,,,4-4-5-3-206-POc-saasaa-a,4-4-5-3-206-POc-saasaa-a,4-4
4-4-6-3-210-PPn-kalukalu-a-1,,,,,4-4-6-3-210-PPn-kalukalu-a,4-4-6-3-210-PPn-kalukalu-a,4-4
4-4-7-1-210-POc-ibo-a-1,,,,,4-4-7-1-210-POc-ibo-a,4-4-7-1-210-POc-ibo-a,4-4
4-4-7-2-211-POc-weli-a-1,,,,,4-4-7-2-211-POc-weli-a,4-4-7-2-211-POc-weli-a,4-4
4-5-2-2-222-PNGOc-makan-a-1,,,,,4-5-2-2-222-PNGOc-makan-a,4-5-2-2-222-PNGOc-makan-a,4-5
4-5-2-4-226-PNGOc-sirraesirrae-a-1,,,,,4-5-2-4-226-PNGOc-sirraesirrae-a,4-5-2-4-226-PNGOc-sirraesirrae-a,4-5
4-5-2-8-232-POc-labpou-a-1,the following terms for ‘rat’ from Malakula languages:,,,,4-5-2-8-232-POc-labpou-a,4-5-2-8-232-POc-labpou-a,4-5
4-5-2-9-236-POc-malibeka-a-1,,,,,4-5-2-9-236-POc-malibeka-a,4-5-2-9-236-POc-malibeka-a,4-5
4-5-2-9-236-POc-maliboi-a-1,"the following, which are glossed’flying fox’ and appear to reflect _*mali_ + _*eba_ or _*oba_.",,,,4-5-2-9-236-POc-maliboi-a,4-5-2-9-236-POc-maliboi-a,4-5
4-5-3-1-239-POc-boukasi-a-1,The following are all Polynesian loans.,,,,4-5-3-1-239-POc-boukasi-a,4-5-3-1-239-POc-boukasi-a,4-5
4-5-3-1-239-POc-basa-a-1,,,,,4-5-3-1-239-POc-basa-a,4-5-3-1-239-POc-basa-a,4-5
4-5-3-2-241-ProtoNorthBougainville-kasi-a-1,,,,,4-5-3-2-241-ProtoNorthBougainville-kasi-a,4-5-3-2-241-ProtoNorthBougainville-kasi-a,4-5
4-5-3-2-242-PWOc-kauwak-a-1,,,,,4-5-3-2-242-PWOc-kauwak-a,4-5-3-2-242-PWOc-kauwak-a,4-5
4-5-3-2-242-PWOc-paia-a-1,,,,,4-5-3-2-242-PWOc-paia-a,4-5-3-2-242-PWOc-paia-a,4-5
4-5-4-1-243-POc-purapuras-a-1,,,,,4-5-4-1-243-POc-purapuras-a,4-5-4-1-243-POc-purapuras-a,4-5
4-5-4-1-244-PPn-tafouraqa-a-1,,,,,4-5-4-1-244-PPn-tafouraqa-a,4-5-4-1-244-PPn-tafouraqa-a,4-5
4-5-4-1-245-POc-kurriap-a-1,,,,,4-5-4-1-245-POc-kurriap-a,4-5-4-1-245-POc-kurriap-a,4-5
4-5-4-2-247-POc-ruyu-a-1,,,,,4-5-4-2-247-POc-ruyu-a,4-5-4-2-247-POc-ruyu-a,4-5
4-5-5-3-254-POc-karliupas-a-1,,,,,4-5-5-3-254-POc-karliupas-a,4-5-5-3-254-POc-karliupas-a,4-5
4-5-5-3-255-PWOc-paria-a-1,,,,,4-5-5-3-255-PWOc-paria-a,4-5-5-3-255-PWOc-paria-a,4-5
4-5-5-3-256-PCP-vokai-a-1,,,,,4-5-5-3-256-PCP-vokai-a,4-5-5-3-256-PCP-vokai-a,4-5
4-5-5-3-257-POc-bili-a-1,,,,,4-5-5-3-257-POc-bili-a,4-5-5-3-257-POc-bili-a,4-5
4-5-5-3-259-POc-kaporu-a-1,,,,,4-5-5-3-259-POc-kaporu-a,4-5-5-3-259-POc-kaporu-a,4-5
4-5-5-4-260-POc-mogko-a-1,,,,,4-5-5-4-260-POc-mogko-a,4-5-5-4-260-POc-mogko-a,4-5
4-5-6-None-263-POc-parrac-a-1,,,,,4-5-6-None-263-POc-parrac-a,4-5-6-None-263-POc-parrac-a,4-5
4-5-6-None-263-POc-kurau-a-1,,,,,4-5-6-None-263-POc-kurau-a,4-5-6-None-263-POc-kurau-a,4-5
4-5-6-None-264-PNNG-karok-a-1,,,,,4-5-6-None-264-PNNG-karok-a,4-5-6-None-264-PNNG-karok-a,4-5
4-5-6-None-264-POc-kekeke-a-1,,,,,4-5-6-None-264-POc-kekeke-a,4-5-6-None-264-POc-kekeke-a,4-5
4-5-6-None-265-PMM-rokrok-a-1,,,,,4-5-6-None-265-PMM-rokrok-a,4-5-6-None-265-PMM-rokrok-a,4-5
4-5-7-1-266-POc-bati-a-1,,,,,4-5-7-1-266-POc-bati-a,4-5-7-1-266-POc-bati-a,4-5
4-5-7-1-267-PNGOc-joa-a-1,,,,,4-5-7-1-267-PNGOc-joa-a,4-5-7-1-267-PNGOc-joa-a,4-5
4-5-7-2-268-PEOc-qunap-a-1,,,,,4-5-7-2-268-PEOc-qunap-a,4-5-7-2-268-PEOc-qunap-a,4-5
4-6-2-None-277-POc-uju-a-1,,,,,4-6-2-None-277-POc-uju-a,4-6-2-None-277-POc-uju-a,4-6
4-6-2-None-278-POc-qatolur-a-1,,,,,4-6-2-None-278-POc-qatolur-a,4-6-2-None-278-POc-qatolur-a,4-6
4-6-2-None-281-POc-toki-a-1,Polynesian reflexes show _ŋ_ for expected _k_:,,,,1-9-3-2-250-POc-toki-a,4-6-2-None-281-POc-toki-a,4-6
4-6-4-None-286-PPn-moa-a-1,Possible borrowings from Polynesian include:,,,,4-6-4-None-286-PPn-moa-a,4-6-4-None-286-PPn-moa-a,4-6
4-6-4-None-287-POc-qupa-a-1,,,,,4-6-4-None-287-POc-qupa-a,4-6-4-None-287-POc-qupa-a,4-6
4-6-5-2-291-POc-baro-a-1,,,,,4-6-5-2-291-POc-baro-a,4-6-5-2-291-POc-baro-a,4-6
4-6-5-2-291-PSV-banie-a-1,,,,,4-6-5-2-291-PSV-banie-a,4-6-5-2-291-PSV-banie-a,4-6
4-6-5-2-292-ProtoCentralMicronesian-karau-a-1,,,,,4-6-5-2-292-ProtoCentralMicronesian-karau-a,4-6-5-2-292-ProtoCentralMicronesian-karau-a,4-6
4-6-5-2-292-PPn-matuku-a-1,"Compare, with unexpected referents:",,,,4-6-5-2-292-PPn-matuku-a,4-6-5-2-292-PPn-matuku-a,4-6
4-6-5-3-294-PEOc-raa-a-1,Probably borrowed from a SE Solomonic language:,,,,4-6-5-3-294-PEOc-raa-a,4-6-5-3-294-PEOc-raa-a,4-6
4-6-5-3-295-PPn-toloa-a-1,A probable Polynesian borrowing:,,,,4-6-5-3-295-PPn-toloa-a,4-6-5-3-295-PPn-toloa-a,4-6
4-6-5-4-296-POc-taragau-a-1,,,,,4-6-5-4-296-POc-taragau-a,4-6-5-4-296-POc-taragau-a,4-6
4-6-5-4-299-PSES-tava-a-1,,,,,4-6-5-4-299-PSES-tava-a,4-6-5-4-299-PSES-tava-a,4-6
4-6-5-4-300-POc-kitso-a-1,,,,,4-6-5-4-300-POc-kitso-a,4-6-5-4-300-POc-kitso-a,4-6
4-6-5-4-301-PNGOc-kisakisa-a-1,,,,,4-6-5-4-301-PNGOc-kisakisa-a,4-6-5-4-301-PNGOc-kisakisa-a,4-6
4-6-5-4-303-PSOc-mala-a-1,Borrowed from a North-Central Vanuatu language:,,,,4-6-5-4-303-PSOc-mala-a,4-6-5-4-303-PSOc-mala-a,4-6
4-6-5-7-309-PPn-moso-a-1,Two Outlier languages apply a possible reflex of this word to a different small black bird:,,,,4-6-5-7-309-PPn-moso-a,4-6-5-7-309-PPn-moso-a,4-6
4-6-5-8-312-POc-baluc-a-1,,,,,4-6-5-8-312-POc-baluc-a,4-6-5-8-312-POc-baluc-a,4-6
4-6-5-8-313-POc-bona-a-1,Probable borrowing from a North Vanuatu language:,,,,4-6-5-8-313-POc-bona-a,4-6-5-8-313-POc-bona-a,4-6
4-6-5-8-314-PCP-rubve-a-1,Probable Polynesian loans:,,,,4-6-5-8-314-PCP-rubve-a,4-6-5-8-314-PCP-rubve-a,4-6
4-6-5-8-318-POc-kurlukurlu-a-1,,,,,4-6-5-8-318-POc-kurlukurlu-a,4-6-5-8-318-POc-kurlukurlu-a,4-6
4-6-5-8-319-POc-kurau-a-1,,,,,4-6-5-8-319-POc-kurau-a,4-6-5-8-319-POc-kurau-a,4-6
4-6-5-8-320-POc-baruruk-a-1,,,,,4-6-5-8-320-POc-baruruk-a,4-6-5-8-320-POc-baruruk-a,4-6
4-6-5-9-321-PPT-wakekekakawe-a-1,Compare perhaps:,,,,4-6-5-9-321-PPT-wakekekakawe-a,4-6-5-9-321-PPT-wakekekakawe-a,4-6
4-6-5-9-324-POc-sipirri-a-1,,,,,4-6-5-9-324-POc-sipirri-a,4-6-5-9-324-POc-sipirri-a,4-6
4-6-5-9-325-POc-siri-a-1,,,,,4-6-5-9-325-POc-siri-a,4-6-5-9-325-POc-siri-a,4-6
4-6-5-9-326-POc-kareas-a-1,Probable loanword from a North-Central Vanuatu language:,,,,4-6-5-9-326-POc-kareas-a,4-6-5-9-326-POc-kareas-a,4-6
4-6-5-9-327-POc-kkgilne-a-1,A loan from a Southeast Solomonic language:,,,,4-6-5-9-327-POc-kkgilne-a,4-6-5-9-327-POc-kkgilne-a,4-6
4-6-5-9-328-PCP-kula-a-1,Polynesian borrowing (the species is a recent introduction from the Austral Islands):,,,,4-6-5-9-328-PCP-kula-a,4-6-5-9-328-PCP-kula-a,4-6
4-6-5-11-330-POc-kurudrdu-a-1,,,,,4-6-5-11-330-POc-kurudrdu-a,4-6-5-11-330-POc-kurudrdu-a,4-6
4-6-5-11-331-POc-drudrurr-a-1,,,,,4-6-5-11-331-POc-drudrurr-a,4-6-5-11-331-POc-drudrurr-a,4-6
4-6-5-11-331-PROc-lulu-a-1,A Polynesian borrowing:,,,,4-6-5-11-331-PROc-lulu-a,4-6-5-11-331-PROc-lulu-a,4-6
4-6-5-11-331-PROc-lulu-a-2,,,,,4-6-5-11-331-PROc-lulu-a,4-6-5-11-331-PROc-lulu-a,4-6
4-6-5-12-334-POc-kabakabal-a-1,"A probable borrowing from a North Vanuatu language, with metathesis (cf. Mwotlap):",,,,4-6-5-12-334-POc-kabakabal-a,4-6-5-12-334-POc-kabakabal-a,4-6
4-6-5-12-334-POc-kabakabal-a-2,,,,,4-6-5-12-334-POc-kabakabal-a,4-6-5-12-334-POc-kabakabal-a,4-6
4-6-5-13-336-POc-sjiko-a-1,A probable borrowing from a Southeast Solomonic language:,,,,4-6-5-13-336-POc-sjiko-a,4-6-5-13-336-POc-sjiko-a,4-6
4-6-6-1-342-POc-pisu-a-1,,,,,4-6-6-1-342-POc-pisu-a,4-6-6-1-342-POc-pisu-a,4-6
4-6-6-3-343-POc-takere-a-1,A probable borrowing from some North-Central Vanuatu language:,,,,4-6-6-3-343-POc-takere-a,4-6-6-3-343-POc-takere-a,4-6
4-6-6-3-343-ProtoNorthwestSolomonic-pitikole-a-1,,,,,4-6-6-3-343-ProtoNorthwestSolomonic-pitikole-a,4-6-6-3-343-ProtoNorthwestSolomonic-pitikole-a,4-6
4-6-6-3-344-PSOc-sora-a-1,"The following potential cognate may be a local formation, cf. _tatara_ ‘sweep’:",,,,4-6-6-3-344-PSOc-sora-a,4-6-6-3-344-PSOc-sora-a,4-6
4-6-6-3-344-PSES-riuriukabe-a-1,Apparently at least in part a borrowing from some SE Solomonic language:,,,,4-6-6-3-344-PSES-riuriukabe-a,4-6-6-3-344-PSES-riuriukabe-a,4-6
4-6-6-5-345-PNCV-laka-a-1,,,,,4-6-6-5-345-PNCV-laka-a,4-6-6-5-345-PNCV-laka-a,4-6
4-6-6-5-345-PNCV-laka-a-2,probable borrowing from a North-Central Vanuatu language,,,,4-6-6-5-345-PNCV-laka-a,4-6-6-5-345-PNCV-laka-a,4-6
4-6-6-6-346-POc-midi-a-1,,,,,4-6-6-6-346-POc-midi-a,4-6-6-6-346-POc-midi-a,4-6
4-6-6-7-348-POc-bisu-a-1,Probably borrowed from a SES language is,,,,4-6-6-7-348-POc-bisu-a,4-6-6-7-348-POc-bisu-a,4-6
4-6-6-7-348-POc-bisu-a-2,,,,,4-6-6-7-348-POc-bisu-a,4-6-6-7-348-POc-bisu-a,4-6
4-6-6-7-349-PPn-miti-a-1,Probable Polynesian borrowing:,,,,4-6-6-7-349-PPn-miti-a,4-6-6-7-349-PPn-miti-a,4-6
4-6-6-7-349-PSES-ciilo-a-1,,,,,4-6-6-7-349-PSES-ciilo-a,4-6-6-7-349-PSES-ciilo-a,4-6
4-6-7-1-352-PROc-taikok-a-1,The Rotuman form is a loan from Polynesian:,,,,4-6-7-1-352-PROc-taikok-a,4-6-7-1-352-PROc-taikok-a,4-6
4-6-7-2-353-PMic-tiku-a-1,Probable borrowing from a Micronesian language:,,,,4-6-7-2-353-PMic-tiku-a,4-6-7-2-353-PMic-tiku-a,4-6
4-6-7-2-354-PPn-tawake-a-1,Probable Polynesian borrowings:,,,,4-6-7-2-354-PPn-tawake-a,4-6-7-2-354-PPn-tawake-a,4-6
4-6-7-2-354-PPn-tawake-a-2,Probable Fijian cognate or borrowing:,,,,4-6-7-2-354-PPn-tawake-a,4-6-7-2-354-PPn-tawake-a,4-6
4-6-7-3-356-PNPn-mauakena-a-1,A probable Polynesian borrowing:,,,,4-6-7-3-356-PNPn-mauakena-a,4-6-7-3-356-PNPn-mauakena-a,4-6
4-6-7-3-356-PNPn-kanapu-a-1,A Polynesian borrowing:,,,,4-6-7-3-356-PNPn-kanapu-a,4-6-7-3-356-PNPn-kanapu-a,4-6
4-6-7-4-357-POc-drdaula-a-1,A borrowing from a SE Solomonic language:,,,,4-6-7-4-357-POc-drdaula-a,4-6-7-4-357-POc-drdaula-a,4-6
4-6-7-5-360-POc-pipipi-a-1,,,,,4-6-7-5-360-POc-pipipi-a,4-6-7-5-360-POc-pipipi-a,4-6
4-6-7-5-361-PCP-tulii-a-1,A probable Polynesian borrowing is Nehan tulia in the following three forms:,,,,4-6-7-5-361-PCP-tulii-a,4-6-7-5-361-PCP-tulii-a,4-6
4-6-7-5-362-PPn-kiukiwi-a-1,Probably borrowed from Polynesian:,,,,4-6-7-5-362-PPn-kiukiwi-a,4-6-7-5-362-PPn-kiukiwi-a,4-6
4-6-7-5-364-ProtoChuukicPonapeic-kuliua-a-1,Probable borrowing from a Micronesian language:,,,,4-6-7-5-364-ProtoChuukicPonapeic-kuliua-a,4-6-7-5-364-ProtoChuukicPonapeic-kuliua-a,4-6
4-6-7-5-364-PROc-kekekaka-a-1,Probable borrowings from some Micronesian language are:,,,,4-6-7-5-364-PROc-kekekaka-a,4-6-7-5-364-PROc-kekekaka-a,4-6
4-6-7-5-364-PPn-lafulafulafu-a-1,"The following may be cognate, though the semantic connection is hardly close:",,,,4-6-7-5-364-PPn-lafulafulafu-a,4-6-7-5-364-PPn-lafulafulafu-a,4-6
4-6-7-6-366-POc-selekai-a-1,,,,,4-6-7-6-366-POc-selekai-a,4-6-7-6-366-POc-selekai-a,4-6
4-6-7-6-366-PMic-karakara-a-1,,,,,4-6-7-6-366-PMic-karakara-a,4-6-7-6-366-PMic-karakara-a,4-6
4-6-7-6-368-PPn-tala-a-1,probable Polynesian borrowings:,,,,4-6-7-6-368-PPn-tala-a,4-6-7-6-368-PPn-tala-a,4-6
4-6-7-6-369-PCP-oo-a-1,An irrular change leads to forms reflecting PCEPn _*ŋoio_'.,,,,4-6-7-6-369-PCP-oo-a,4-6-7-6-369-PCP-oo-a,4-6
4-7-3-None-378-POc-kaubebek-a-1,,,,,4-7-3-None-378-POc-kaubebek-a,4-7-3-None-378-POc-kaubebek-a,4-7
4-7-3-None-379-ProtoNorthwestSolomonic-pepele-a-1,,,,,4-7-3-None-379-ProtoNorthwestSolomonic-pepele-a,4-7-3-None-379-ProtoNorthwestSolomonic-pepele-a,4-7
4-7-4-None-382-POc-makinit-a-1,,,,,4-7-4-None-382-POc-makinit-a,4-7-4-None-382-POc-makinit-a,4-7
4-7-8-None-387-POc-kororo-a-1,,,,,4-7-8-None-387-POc-kororo-a,4-7-8-None-387-POc-kororo-a,4-7
4-7-9-None-388-POc-pupuk-a-1,,,,,4-7-9-None-388-POc-pupuk-a,4-7-9-None-388-POc-pupuk-a,4-7
4-7-9-None-389-POc-bubu-a-1,,,,,4-2-61-None-122-POc-bubu-a,4-7-9-None-389-POc-bubu-a,4-7
4-7-9-None-390-POc-manipo-a-1,,,,,4-7-9-None-390-POc-manipo-a,4-7-9-None-390-POc-manipo-a,4-7
4-7-9-None-390-POc-nninnipo-a-1,,,,,4-7-9-None-390-POc-nninnipo-a,4-7-9-None-390-POc-nninnipo-a,4-7
4-7-10-None-391-POc-loro-a-1,,,,,4-7-10-None-391-POc-loro-a,4-7-10-None-391-POc-loro-a,4-7
4-7-10-None-392-POc-drui-a-1,,,,,4-7-10-None-392-POc-drui-a,4-7-10-None-392-POc-drui-a,4-7
4-7-12-None-395-POc-sisirr-a-1,,,,,4-7-12-None-395-POc-sisirr-a,4-7-12-None-395-POc-sisirr-a,4-7
4-7-13-None-398-POc-mimismata-a-1,,,,,4-7-13-None-398-POc-mimismata-a,4-7-13-None-398-POc-mimismata-a,4-7
4-7-15-None-401-POc-tabururu-a-1,,,,,4-7-15-None-401-POc-tabururu-a,4-7-15-None-401-POc-tabururu-a,4-7
4-7-15-None-401-POc-kamak-a-1,,,,,4-7-15-None-401-POc-kamak-a,4-7-15-None-401-POc-kamak-a,4-7
4-7-15-None-402-PSES-kolrokolro-a-1,,,,,4-7-15-None-402-PSES-kolrokolro-a,4-7-15-None-402-PSES-kolrokolro-a,4-7
4-7-16-None-402-POc-ipos-a-1,,,,,4-7-16-None-402-POc-ipos-a,4-7-16-None-402-POc-ipos-a,4-7
4-7-17-None-404-POc-qapator-a-1,,,,,4-7-17-None-404-POc-qapator-a,4-7-17-None-404-POc-qapator-a,4-7
4-7-17-None-405-POc-munomuno-a-1,,,,,4-7-17-None-405-POc-munomuno-a,4-7-17-None-405-POc-munomuno-a,4-7
4-7-18-None-406-POc-qalipan-a-1,,,,,4-7-18-None-406-POc-qalipan-a,4-7-18-None-406-POc-qalipan-a,4-7
4-7-18-None-407-PWOc-mali-a-1,,,,,4-7-18-None-407-PWOc-mali-a,4-7-18-None-407-PWOc-mali-a,4-7
4-7-18-None-407-PPn-taqetuli-a-1,,,,,4-7-18-None-407-PPn-taqetuli-a,4-7-18-None-407-PPn-taqetuli-a,4-7
4-7-20-None-410-POc-koko-a-1,,,,,4-7-20-None-410-POc-koko-a,4-7-20-None-410-POc-koko-a,4-7
4-7-21-None-412-POc-droman-a-1,,,,,4-4-6-1-207-POc-droman-a,4-7-21-None-412-POc-droman-a,4-7
4-7-22-2-414-PPn-kelemutu-a-1,,,,,4-7-22-2-414-PPn-kelemutu-a,4-7-22-2-414-PPn-kelemutu-a,4-7
5-2-2-1-38-POc-tau-a-1,,,,,5-2-2-1-38-POc-tau-a,5-2-2-1-38-POc-tau-a,5-2
5-2-2-2-44-POc-tamataq-a-1,,,,,5-2-2-2-44-POc-tamataq-a,5-2-2-2-44-POc-tamataq-a,5-2
5-2-2-2-45-POc-taumate-a-1,,,,,5-2-2-2-45-POc-taumate-a,5-2-2-2-45-POc-taumate-a,5-2
5-2-2-3-46-POc-qata-a-1,,,,,5-2-2-3-46-POc-qata-a,5-2-2-3-46-POc-qata-a,5-2
5-2-3-2-56-POc-qatapine-a-1,,,,,5-2-3-2-56-POc-qatapine-a,5-2-3-2-56-POc-qatapine-a,5-2
5-2-4-2-62-POc-meramera-a-1,,,,,5-2-4-2-62-POc-meramera-a,5-2-4-2-62-POc-meramera-a,5-2
5-2-4-2-64-POc-qitik-a-1,,,,,5-2-4-2-64-POc-qitik-a,5-2-4-2-64-POc-qitik-a,5-2
5-2-4-3-65-POc-paqoru-a-1,,,,,2-7-3-None-210-POc-paqoru-a,5-2-4-3-65-POc-paqoru-a,5-2
5-2-4-6-69-POc-marap-a-1,,,,,5-2-4-6-69-POc-marap-a,5-2-4-6-69-POc-marap-a,5-2
5-2-5-2-70-POc-jamu-a-1,,,,,5-2-5-2-70-POc-jamu-a,5-2-5-2-70-POc-jamu-a,5-2
5-3-2-1-79-PPn-tino-a-1,,,,,5-3-2-1-79-PPn-tino-a,5-3-2-1-79-PPn-tino-a,5-3
5-3-3-3-82-POc-draraq-a-1,,,,,5-3-3-3-82-POc-draraq-a,5-3-3-3-82-POc-draraq-a,5-3
5-3-3-4-85-POc-tuqan-a-1,,,,,5-3-3-4-85-POc-tuqan-a,5-3-3-4-85-POc-tuqan-a,5-3
5-3-3-4-88-POc-suri-a-1,,,,,5-3-3-4-88-POc-suri-a,5-3-3-4-88-POc-suri-a,5-3
5-3-3-6-91-POc-kiras-a-1,,,,,5-3-3-6-91-POc-kiras-a,5-3-3-6-91-POc-kiras-a,5-3
5-3-3-7-95-POc-papata-a-1,,,,,5-3-3-7-95-POc-papata-a,5-3-3-7-95-POc-papata-a,5-3
5-3-3-9-98-POc-urat-a-1,,,,,5-3-3-9-98-POc-urat-a,5-3-3-9-98-POc-urat-a,5-3
5-3-3-9-100-POc-waroc-a-1,,,,,5-3-3-9-100-POc-waroc-a,5-3-3-9-100-POc-waroc-a,5-3
5-3-4-2-104-POc-ppatuk-a-1,,,,,5-3-4-2-104-POc-ppatuk-a,5-3-4-2-104-POc-ppatuk-a,5-3
5-3-4-2-107-POc-pau-a-1,,,,,5-3-4-2-107-POc-pau-a,5-3-4-2-107-POc-pau-a,5-3
5-3-4-3-108-POc-raqe-a-1,,,,,5-3-4-3-108-POc-raqe-a,5-3-4-3-108-POc-raqe-a,5-3
5-3-4-3-109-POc-drama-a-1,,,,,5-3-4-3-109-POc-drama-a,5-3-4-3-109-POc-drama-a,5-3
5-3-4-4-110-POc-qutok-a-1,,,,,3-12-4-3-374-POc-qutok-a,5-3-4-4-110-POc-qutok-a,5-3
5-3-4-6-113-POc-manawa-a-1,,,,,5-3-4-6-113-POc-manawa-a,5-3-4-6-113-POc-manawa-a,5-3
5-3-4-7-114-POc-nako-a-1,,,,,5-3-4-7-114-POc-nako-a,5-3-4-7-114-POc-nako-a,5-3
5-3-4-8-116-POc-papara-a-1,,,,,2-8-2-3-254-POc-papara-a,5-3-4-8-116-POc-papara-a,5-3
5-3-4-8-116-POc-babarli-a-1,,,,,2-8-2-3-254-POc-papara-a,5-3-4-8-116-POc-babarli-a,5-3
5-3-4-9-120-PEOc-pinupinunimata-a-1,,,,,5-3-4-9-120-PEOc-pinupinunimata-a,5-3-4-9-120-PEOc-pinupinunimata-a,5-3
5-3-4-11-124-POc-balrusu-a-1,,,,,5-3-4-11-124-POc-balrusu-a,5-3-4-11-124-POc-balrusu-a,5-3
5-3-4-12-127-POc-bibiri-a-1,,,,,5-3-4-12-127-POc-bibiri-a,5-3-4-12-127-POc-bibiri-a,5-3
5-3-4-12-128-POc-papaq-a-1,,,,,5-3-4-12-128-POc-papaq-a,5-3-4-12-128-POc-papaq-a,5-3
5-3-4-12-131-POc-nipo-a-1,,,,,5-3-4-12-131-POc-nipo-a,5-3-4-12-131-POc-nipo-a,5-3
5-3-4-12-133-POc-para-a-1,,,,,5-3-4-12-133-POc-para-a,5-3-4-12-133-POc-para-a,5-3
5-3-4-12-134-POc-bati-a-1,,,,,4-5-7-1-266-POc-bati-a,5-3-4-12-134-POc-bati-a,5-3
5-3-4-13-136-POc-kumi-a-1,,,,,5-3-4-13-136-POc-kumi-a,5-3-4-13-136-POc-kumi-a,5-3
5-3-4-14-140-PPn-korokoro-a-1,,,,,5-3-4-14-140-PPn-korokoro-a,5-3-4-14-140-PPn-korokoro-a,5-3
5-3-5-1-141-POc-takuru-a-1,,,,,5-3-5-1-141-POc-takuru-a,5-3-5-1-141-POc-takuru-a,5-3
5-3-5-3-143-POc-qapara-a-1,,,,,5-3-5-3-143-POc-qapara-a,5-3-5-3-143-POc-qapara-a,5-3
5-3-5-6-146-PSES-garogaro-a-1,,,,,5-3-5-6-146-PSES-garogaro-a,5-3-5-6-146-PSES-garogaro-a,5-3
5-3-5-6-147-POc-ragerage-a-1,,,,,5-3-5-6-147-POc-ragerage-a,5-3-5-6-147-POc-ragerage-a,5-3
5-3-5-6-147-PPn-kasokaso-a-1,,,,,5-3-5-6-147-PPn-kasokaso-a,5-3-5-6-147-PPn-kasokaso-a,5-3
5-3-5-9-150-POc-kapa-a-1,,,,,5-3-5-9-150-POc-kapa-a,5-3-5-9-150-POc-kapa-a,5-3
5-3-5-12-155-POc-bisi-a-1,,,,,5-3-5-12-155-POc-bisi-a,5-3-5-12-155-POc-bisi-a,5-3
5-3-5-12-155-POc-bboto-a-1,,,,,5-3-5-12-155-POc-bboto-a,5-3-5-12-155-POc-bboto-a,5-3
5-3-5-13-159-POc-tole-a-1,,,,,5-3-5-13-159-POc-tole-a,5-3-5-13-159-POc-tole-a,5-3
5-3-6-3-164-POc-mauri-a-1,,,,,5-3-6-3-164-POc-mauri-a,5-3-6-3-164-POc-mauri-a,5-3
5-3-6-5-168-POc-paqal-a-1,,,,,5-3-6-5-168-POc-paqal-a,5-3-6-5-168-POc-paqal-a,5-3
5-3-6-8-177-PWOc-kappa-a-1,,,,,5-3-6-8-177-PWOc-kappa-a,5-3-6-8-177-PWOc-kappa-a,5-3
5-3-7-2-182-PWOc-busaq-a-1,,,,,5-3-7-2-182-PWOc-busaq-a,5-3-7-2-182-PWOc-busaq-a,5-3
5-3-7-3-182-POc-paraq-a-1,,,,,5-3-7-3-182-POc-paraq-a,5-3-7-3-182-POc-paraq-a,5-3
5-3-7-3-183-POc-qatemaraqan-a-1,,,,,5-3-7-3-183-POc-qatemaraqan-a,5-3-7-3-183-POc-qatemaraqan-a,5-3
5-3-7-4-184-POc-toba-a-1,,,,,5-3-7-4-184-POc-toba-a,5-3-7-4-184-POc-toba-a,5-3
5-3-7-4-186-POc-manawa-a-1,,,,,5-3-4-6-113-POc-manawa-a,5-3-7-4-186-POc-manawa-a,5-3
5-3-8-3-199-POc-orok-a-1,,,,,5-3-8-3-199-POc-orok-a,5-3-8-3-199-POc-orok-a,5-3
5-4-2-1-212-PPn-ola-a-1,,,,,5-4-2-1-212-PPn-ola-a,5-4-2-1-212-PPn-ola-a,5-4
5-4-2-2-216-POc-qait-a-1,,,,,5-4-2-2-216-POc-qait-a,5-4-2-2-216-POc-qait-a,5-4
5-4-2-2-217-PEOc-pais-a-1,,,,,5-4-2-2-217-PEOc-pais-a,5-4-2-2-217-PEOc-pais-a,5-4
5-4-2-2-221-POc-pusa-a-1,,,,,5-4-2-2-221-POc-pusa-a,5-4-2-2-221-POc-pusa-a,5-4
5-4-2-2-222-POc-puta-a-1,,,,,5-4-2-2-222-POc-puta-a,5-4-2-2-222-POc-puta-a,5-4
5-4-2-2-222-PMM-poda-a-1,,,,,5-4-2-2-222-PMM-poda-a,5-4-2-2-222-PMM-poda-a,5-4
5-4-3-1-233-POc-kamu-a-1,,,,,5-4-3-1-233-POc-kamu-a,5-4-3-1-233-POc-kamu-a,5-4
5-4-3-1-233-POc-au-a-1,,,,,5-4-3-1-233-POc-au-a,5-4-3-1-233-POc-au-a,5-4
5-4-3-1-234-POc-aris-a-1,,,,,5-4-3-1-234-POc-aris-a,5-4-3-1-234-POc-aris-a,5-4
5-4-3-1-236-POc-as-a-1,,,,,5-4-3-1-236-POc-as-a,5-4-3-1-236-POc-as-a,5-4
5-4-3-1-238-POc-mamaq-a-1,,,,,5-4-3-1-238-POc-mamaq-a,5-4-3-1-238-POc-mamaq-a,5-4
5-4-3-1-239-POc-jamu-a-1,,,,,5-2-5-2-70-POc-jamu-a,5-4-3-1-239-POc-jamu-a,5-4
5-4-3-2-245-POc-gkaga-a-1,,,,,5-4-3-2-245-POc-gkaga-a,5-4-3-2-245-POc-gkaga-a,5-4
5-4-3-2-248-POc-sorop-a-1,,,,,5-4-3-2-248-POc-sorop-a,5-4-3-2-248-POc-sorop-a,5-4
5-4-3-2-250-PPn-momi-a-1,,,,,5-4-3-2-250-PPn-momi-a,5-4-3-2-250-PPn-momi-a,5-4
5-4-3-3-254-PCP-viakani-a-1,,,,,5-4-3-3-254-PCP-viakani-a,5-4-3-3-254-PCP-viakani-a,5-4
5-4-3-3-256-PCP-viainu-a-1,,,,,5-4-3-3-256-PCP-viainu-a,5-4-3-3-256-PCP-viainu-a,5-4
5-4-3-4-258-POc-polom-a-1,,,,,5-4-3-4-258-POc-polom-a,5-4-3-4-258-POc-polom-a,5-4
5-4-3-4-263-POc-tolom-b-1,,,,,5-4-3-4-259-POc-tilom-a,5-4-3-4-263-POc-tolom-b,5-4
5-4-3-5-272-POc-mumur-a-1,,,,,5-4-3-5-272-POc-mumur-a,5-4-3-5-272-POc-mumur-a,5-4
5-4-3-6-273-POc-misik-a-1,,,,,5-4-3-6-273-POc-misik-a,5-4-3-6-273-POc-misik-a,5-4
5-4-4-3-283-POc-kasupati-a-1,,,,,5-4-4-3-283-POc-kasupati-a,5-4-4-3-283-POc-kasupati-a,5-4
5-4-4-7-288-POc-mimis-a-1,,,,,5-4-4-7-288-POc-mimis-a,5-4-4-7-288-POc-mimis-a,5-4
5-4-4-7-290-PNGOc-bajurriu-a-1,,,,,5-4-4-7-290-PNGOc-bajurriu-a,5-4-4-7-290-PNGOc-bajurriu-a,5-4
5-4-4-8-291-POc-pekas-a-1,,,,,5-4-4-8-291-POc-pekas-a,5-4-4-8-291-POc-pekas-a,5-4
5-4-5-2-296-POc-ara-a-1,,,,,5-4-5-2-296-POc-ara-a,5-4-5-2-296-POc-ara-a,5-4
5-4-5-3-296-POc-orok-a-1,,,,,5-4-5-3-296-POc-orok-a,5-4-5-3-296-POc-orok-a,5-4
5-4-5-6-300-POc-mawap-a-1,,,,,5-4-5-6-300-POc-mawap-a,5-4-5-6-300-POc-mawap-a,5-4
5-4-5-8-304-POc-paus-a-1,,,,,5-4-5-8-304-POc-paus-a,5-4-5-8-304-POc-paus-a,5-4
5-4-5-9-305-POc-kasipe-a-1,,,,,5-4-5-9-305-POc-kasipe-a,5-4-5-9-305-POc-kasipe-a,5-4
5-4-5-9-306-POc-kasiek-a-1,,,,,5-4-5-9-306-POc-kasiek-a,5-4-5-9-306-POc-kasiek-a,5-4
5-4-5-9-307-POc-tise-a-1,,,,,5-4-5-9-307-POc-tise-a,5-4-5-9-307-POc-tise-a,5-4
5-4-5-9-307-PROc-matiua-a-1,,,,,5-4-5-9-307-PROc-matiua-a,5-4-5-9-307-PROc-matiua-a,5-4
5-4-6-2-311-PCP-viamoze-a-1,,,,,5-4-6-2-311-PCP-viamoze-a,5-4-6-2-311-PCP-viamoze-a,5-4
5-4-6-2-312-POc-malumalumu-a-1,,,,,5-4-6-2-312-POc-malumalumu-a,5-4-6-2-312-POc-malumalumu-a,5-4
5-4-6-2-313-PPn-fitaqa-a-1,,,,,5-4-6-2-313-PPn-fitaqa-a,5-4-6-2-313-PPn-fitaqa-a,5-4
5-4-6-3-313-POc-mipi-a-1,,,,,5-4-6-3-313-POc-mipi-a,5-4-6-3-313-POc-mipi-a,5-4
5-4-6-4-316-PCP-qadra-a-1,,,,,5-4-6-4-316-PCP-qadra-a,5-4-6-4-316-PCP-qadra-a,5-4
5-4-6-5-317-POc-kimo-a-1,,,,,5-4-6-5-317-POc-kimo-a,5-4-6-5-317-POc-kimo-a,5-4
5-4-7-2-319-POc-ii-a-1,,,,,5-4-7-2-319-POc-ii-a,5-4-7-2-319-POc-ii-a,5-4
5-4-7-2-320-POc-iisa-a-1,,,,,5-4-7-2-320-POc-iisa-a,5-4-7-2-320-POc-iisa-a,5-4
5-4-7-6-324-POc-riri-a-1,,,,,5-4-7-6-324-POc-riri-a,5-4-7-6-324-POc-riri-a,5-4
5-4-7-6-325-POc-dridri-a-1,,,,,5-4-7-6-325-POc-dridri-a,5-4-7-6-325-POc-dridri-a,5-4
5-4-7-6-327-PROc-drudru-a-1,,,,,5-4-7-6-327-PROc-drudru-a,5-4-7-6-327-PROc-drudru-a,5-4
5-5-3-1-336-POc-masakit-a-1,,,,,5-5-3-1-336-POc-masakit-a,5-5-3-1-336-POc-masakit-a,5-5
5-5-3-2-340-POc-paraoq-a-1,,,,,5-5-3-2-340-POc-paraoq-a,5-5-3-2-340-POc-paraoq-a,5-5
5-5-3-2-341-PNCV-vosa-a-1,,,,,5-5-3-2-341-PNCV-vosa-a,5-5-3-2-341-PNCV-vosa-a,5-5
5-5-3-2-344-POc-makato-a-1,,,,,5-5-3-2-344-POc-makato-a,5-5-3-2-344-POc-makato-a,5-5
5-5-3-2-345-PPn-maesho-a-1,,,,,5-5-3-2-345-PPn-maesho-a,5-5-3-2-345-PPn-maesho-a,5-5
5-5-3-3-346-POc-kurikuri-a-1,,,,,5-5-3-3-346-POc-kurikuri-a,5-5-3-3-346-POc-kurikuri-a,5-5
5-5-3-3-348-POc-pano-a-1,,,,,2-8-3-4-290-POc-pano-a,5-5-3-3-348-POc-pano-a,5-5
5-5-3-3-349-PROc-tani-a-1,,,,,5-5-3-3-349-PROc-tani-a,5-5-3-3-349-PROc-tani-a,5-5
5-5-3-4-350-POc-luka-a-1,,,,,5-5-3-4-350-POc-luka-a,5-5-3-4-350-POc-luka-a,5-5
5-5-3-4-350-PCP-jona-a-1,,,,,5-5-3-4-350-PCP-jona-a,5-5-3-4-350-PCP-jona-a,5-5
5-5-3-6-351-POc-uul-a-1,,,,,5-5-3-6-351-POc-uul-a,5-5-3-6-351-POc-uul-a,5-5
5-5-3-7-352-POc-ara-a-1,,,,,5-4-5-2-296-POc-ara-a,5-5-3-7-352-POc-ara-a,5-5
5-5-3-9-353-POc-sana-a-1,,,,,5-5-3-9-353-POc-sana-a,5-5-3-9-353-POc-sana-a,5-5
5-5-3-11-355-POc-tubuq-a-1,,,,,1-5-9-2-134-POc-tubuq-a,5-5-3-11-355-POc-tubuq-a,5-5
5-5-3-11-356-PEOc-tubua-a-1,,,,,5-5-3-11-356-PEOc-tubua-a,5-5-3-11-356-PEOc-tubua-a,5-5
5-5-3-13-357-POc-pular-a-1,,,,,5-5-3-13-357-POc-pular-a,5-5-3-13-357-POc-pular-a,5-5
5-5-3-14-358-POc-bool-a-1,,,,,5-5-3-14-358-POc-bool-a,5-5-3-14-358-POc-bool-a,5-5
5-5-3-16-360-PPn-ninimo-a-1,,,,,5-5-3-16-360-PPn-ninimo-a,5-5-3-16-360-PPn-ninimo-a,5-5
5-5-4-1-361-POc-mapo-a-1,,,,,5-5-4-1-361-POc-mapo-a,5-5-4-1-361-POc-mapo-a,5-5
5-5-4-2-362-POc-puras-a-1,,,,,5-5-4-2-362-POc-puras-a,5-5-4-2-362-POc-puras-a,5-5
5-5-4-2-363-POc-puruk-a-1,,,,,5-5-4-2-363-POc-puruk-a,5-5-4-2-363-POc-puruk-a,5-5
5-5-4-2-363-PROc-amosi-a-1,,,,,5-5-4-2-363-PROc-amosi-a,5-5-4-2-363-PROc-amosi-a,5-5
5-6-2-1-370-POc-nopoq-a-1,,,,,5-6-2-1-370-POc-nopoq-a,5-6-2-1-370-POc-nopoq-a,5-6
5-6-2-2-374-POc-tuqur-a-1,,,,,5-6-2-2-374-POc-tuqur-a,5-6-2-2-374-POc-tuqur-a,5-6
5-6-2-2-377-POc-madriri-a-1,,,,,5-6-2-2-377-POc-madriri-a,5-6-2-2-377-POc-madriri-a,5-6
5-6-2-2-377-PNGOc-midi-a-1,,,,,5-6-2-2-377-PNGOc-midi-a,5-6-2-2-377-PNGOc-midi-a,5-6
5-6-2-3-378-POc-qenop-a-1,,,,,5-6-2-3-378-POc-qenop-a,5-6-2-3-378-POc-qenop-a,5-6
5-6-2-4-382-POc-tuku-a-1,,,,,2-7-2-2-205-POc-tuku-a,5-6-2-4-382-POc-tuku-a,5-6
5-6-2-4-383-POc-sorop-a-1,,,,,5-6-2-4-383-POc-sorop-a,5-6-2-4-383-POc-sorop-a,5-6
5-6-2-4-384-POc-paralat-a-1,,,,,5-6-2-4-384-POc-paralat-a,5-6-2-4-384-POc-paralat-a,5-6
5-6-3-1-387-POc-la-a-1,,,,,5-6-3-1-386-POc-lako-a,5-6-3-1-387-POc-la-a,5-6
5-6-3-1-393-POc-rakat-a-1,,,,,5-6-3-1-393-POc-rakat-a,5-6-3-1-393-POc-rakat-a,5-6
5-6-3-2-400-POc-ropok-a-1,,,,,4-6-2-None-281-POc-ropok-a,5-6-3-2-400-POc-ropok-a,5-6
5-6-3-2-402-POc-ppukka-a-1,,,,,5-6-3-2-402-POc-ppukka-a,5-6-3-2-402-POc-ppukka-a,5-6
5-6-3-3-403-POc-palaur-a-1,,,,,5-6-3-3-403-POc-palaur-a,5-6-3-3-403-POc-palaur-a,5-6
5-6-4-1-409-POc-uliq-a-1,,,,,5-6-4-1-409-POc-uliq-a,5-6-4-1-409-POc-uliq-a,5-6
5-6-4-2-412-POc-liu-a-1,,,,,5-6-4-2-412-POc-liu-a,5-6-4-2-412-POc-liu-a,5-6
5-6-4-2-414-POc-likot-a-1,,,,,5-6-4-2-414-POc-likot-a,5-6-4-2-414-POc-likot-a,5-6
5-6-4-4-419-POc-paka-a-1,,,,,5-6-4-4-419-POc-paka-a,5-6-4-4-419-POc-paka-a,5-6
5-6-6-1-428-POc-kau-a-1,,,,,5-6-6-1-428-POc-kau-a,5-6-6-1-428-POc-kau-a,5-6
5-6-6-1-431-POc-qusur-a-1,,,,,5-6-6-1-431-POc-qusur-a,5-6-6-1-431-POc-qusur-a,5-6
5-6-6-2-434-POc-puat-a-1,,,,,5-6-6-2-434-POc-puat-a,5-6-6-2-434-POc-puat-a,5-6
5-6-6-2-435-POc-suqun-a-1,,,,,5-6-6-2-435-POc-suqun-a,5-6-6-2-435-POc-suqun-a,5-6
5-6-6-2-436-PWOc-kudru-a-1,,,,,5-6-6-2-436-PWOc-kudru-a,5-6-6-2-436-PWOc-kudru-a,5-6
5-6-6-2-441-POc-qappis-a-1,,,,,5-6-6-2-441-POc-qappis-a,5-6-6-2-441-POc-qappis-a,5-6
5-6-6-2-442-POc-qapin-a-1,,,,,5-3-5-4-144-POc-qapia-a,5-6-6-2-442-POc-qapin-a,5-6
5-6-6-3-449-POc-taruq-a-1,,,,,5-6-6-3-449-POc-taruq-a,5-6-6-3-449-POc-taruq-a,5-6
5-7-4-2-471-POc-kiris-a-1,,,,,5-7-4-2-471-POc-kiris-a,5-7-4-2-471-POc-kiris-a,5-7
5-7-6-1-476-POc-susup-a-1,,,,,5-7-6-1-476-POc-susup-a,5-7-6-1-476-POc-susup-a,5-7
5-7-6-1-481-POc-kaya-a-1,,,,,5-7-6-1-481-POc-kaya-a,5-7-6-1-481-POc-kaya-a,5-7
5-7-6-2-483-POc-puqi-a-1,,,,,5-7-6-2-483-POc-puqi-a,5-7-6-2-483-POc-puqi-a,5-7
5-8-2-None-494-POc-taddraq-a-1,,,,,5-8-2-None-494-POc-taddraq-a,5-8-2-None-494-POc-taddraq-a,5-8
5-8-4-None-503-POc-saoin-a-1,,,,,5-8-4-None-503-POc-saoin-a,5-8-4-None-503-POc-saoin-a,5-8
5-8-4-None-504-POc-quru-a-1,,,,,5-8-4-None-504-POc-quru-a,5-8-4-None-504-POc-quru-a,5-8
5-8-4-None-505-POc-asok-a-1,,,,,5-8-4-None-505-POc-asok-a,5-8-4-None-505-POc-asok-a,5-8
5-8-4-None-508-POc-qaor-a-1,,,,,5-8-4-None-508-POc-qaor-a,5-8-4-None-508-POc-qaor-a,5-8
5-8-5-None-512-POc-topo-a-1,,,,,5-8-5-None-512-POc-topo-a,5-8-5-None-512-POc-topo-a,5-8
5-8-5-None-515-PNCV-tiqeli-a-1,,,,,5-8-5-None-515-PNCV-tiqeli-a,5-8-5-None-515-PNCV-tiqeli-a,5-8
5-9-2-2-523-POc-lalo-a-1,,,,,5-9-2-2-523-POc-lalo-a,5-9-2-2-523-POc-lalo-a,5-9
5-10-2-None-540-POc-taqu-a-1,,,,,5-10-2-None-540-POc-taqu-a,5-10-2-None-540-POc-taqu-a,5-10
5-10-2-None-540-POc-mataqu-a-1,,,,,5-10-2-None-540-POc-mataqu-a,5-10-2-None-540-POc-mataqu-a,5-10
5-10-3-None-544-POc-nonom-a-1,,,,,5-10-3-None-544-POc-nonom-a,5-10-3-None-544-POc-nonom-a,5-10
5-10-3-None-547-POc-manacam-a-1,,,,,5-10-3-None-547-POc-manacam-a,5-10-3-None-547-POc-manacam-a,5-10
5-10-4-None-550-POc-tutuna-a-1,,,,,5-10-4-None-550-POc-tutuna-a,5-10-4-None-550-POc-tutuna-a,5-10
5-10-4-None-551-POc-tonuq-a-1,,,,,2-7-5-1-219-POc-tonuq-a,5-10-4-None-551-POc-tonuq-a,5-10
5-10-4-None-552-POc-maqoli-a-1,,,,,5-10-4-None-552-POc-maqoli-a,5-10-4-None-552-POc-maqoli-a,5-10
5-10-4-None-554-PSES-utu-a-1,,,,,5-10-4-None-554-PSES-utu-a,5-10-4-None-554-PSES-utu-a,5-10
5-10-11-None-565-POc-usuri-a-1,,,,,5-10-11-None-565-POc-usuri-a,5-10-11-None-565-POc-usuri-a,5-10
5-10-11-None-566-POc-nanau-a-1,,,,,5-10-11-None-566-POc-nanau-a,5-10-11-None-566-POc-nanau-a,5-10
5-11-2-2-568-POc-lapuat-a-1,,,,,2-7-2-None-197-POc-lapuat-a,5-11-2-2-568-POc-lapuat-a,5-11
5-11-2-3-570-POc-tubutubuka-a-1,,,,,5-11-2-3-570-POc-tubutubuka-a,5-11-2-3-570-POc-tubutubuka-a,5-11
5-11-2-4-572-PEOc-kaila-a-1,,,,,5-11-2-4-572-PEOc-kaila-a,5-11-2-4-572-PEOc-kaila-a,5-11
5-11-3-None-575-PPn-aa-a-1,,,,,5-11-3-None-575-PPn-aa-a,5-11-3-None-575-PPn-aa-a,5-11
5-11-3-1-578-POc-wasi-a-1,,,,,1-5-8-1-129-POc-wasi-a,5-11-3-1-578-POc-wasi-a,5-11
5-11-3-2-579-POc-qateppatu-a-1,,,,,5-11-3-2-579-POc-qateppatu-a,5-11-3-2-579-POc-qateppatu-a,5-11
5-11-4-2-585-POc-mayaq-a-1,,,,,5-11-4-2-585-POc-mayaq-a,5-11-4-2-585-POc-mayaq-a,5-11
5-11-4-3-587-POc-qarop-a-1,,,,,5-11-4-3-587-POc-qarop-a,5-11-4-3-587-POc-qarop-a,5-11
5-11-4-3-588-PWOc-qudu-a-1,,,,,5-11-4-3-588-PWOc-qudu-a,5-11-4-3-588-PWOc-qudu-a,5-11
5-11-5-None-593-POc-pian-a-1,,,,,5-11-5-None-593-POc-pian-a,5-11-5-None-593-POc-pian-a,5-11
5-11-6-1-596-POc-puia-a-1,,,,,5-11-6-1-596-POc-puia-a,5-11-6-1-596-POc-puia-a,5-11
5-11-6-2-598-POc-saqati-a-1,,,,,5-11-6-2-598-POc-saqati-a,5-11-6-2-598-POc-saqati-a,5-11
6-2-4-1-96-POc-wawa-a-1,,,,,6-2-4-1-96-POc-wawa-a,6-2-4-1-96-POc-wawa-a,6-2
6-2-4-1-99-POc-natu-a-1,,,,,6-2-4-1-99-POc-natu-a,6-2-4-1-99-POc-natu-a,6-2
6-2-4-1-102-POc-qalawa-a-1,,,,,6-2-4-1-102-POc-qalawa-a,6-2-4-1-102-POc-qalawa-a,6-2
6-2-4-1-103-POc-pascu-a-1,,,,,6-2-4-1-103-POc-pascu-a,6-2-4-1-103-POc-pascu-a,6-2
6-2-4-1-109-POc-bubui-a-1,,,,,6-2-4-1-109-POc-bubui-a,6-2-4-1-109-POc-bubui-a,6-2
6-2-4-1-110-POc-makubu-a-1,,,,,6-2-4-1-110-POc-makubu-a,6-2-4-1-110-POc-makubu-a,6-2
6-2-4-1-116-POc-kaka-a-1,,,,,6-2-4-1-116-POc-kaka-a,6-2-4-1-116-POc-kaka-a,6-2
6-2-4-1-118-POc-papine-a-1,,,,,6-2-4-1-118-POc-papine-a,6-2-4-1-118-POc-papine-a,6-2
6-2-4-1-120-PNCal-mane-a-1,,,,,6-2-4-1-120-PNCal-mane-a,6-2-4-1-120-PNCal-mane-a,6-2
6-2-4-1-122-PNGOc-lipu-a-1,,,,,6-2-4-1-122-PNGOc-lipu-a,6-2-4-1-122-PNGOc-lipu-a,6-2
6-2-4-2-134-PNCV-balika-a-1,,,,,6-2-4-2-134-PNCV-balika-a,6-2-4-2-134-PNCV-balika-a,6-2
6-4-2-2-154-PCPPPn-sau-a-1,,,,,6-4-2-2-154-PCPPPn-sau-a,6-4-2-2-154-PCPPPn-sau-a,6-4
6-5-4-None-181-POc-pera-a-1,,,,,1-3-3-7-63-POc-pera-a,6-5-4-None-181-POc-pera-a,6-5
6-5-4-None-182-POc-malaqai-a-1,,,,,6-5-4-None-182-POc-malaqai-a,6-5-4-None-182-POc-malaqai-a,6-5
6-6-2-2-198-POc-qaur-a-1,,,,,1-4-6-2-108-POc-kaur-a,6-6-2-2-198-POc-qaur-a,6-6
6-6-2-2-200-POc-paus-a-1,,,,,5-4-5-8-304-POc-paus-a,6-6-2-2-200-POc-paus-a,6-6
6-6-2-5-202-PEOc-parage-a-1,,,,,3-11-2-7-336-PEOc-parage-a,6-6-2-5-202-PEOc-parage-a,6-6
6-6-2-7-204-POc-koko-a-1,,,,,6-6-2-7-204-POc-koko-a,6-6-2-7-204-POc-koko-a,6-6
6-6-2-7-204-POc-garamut-a-1,,,,,1-4-6-4-109-POc-garamut-a,6-6-2-7-204-POc-garamut-a,6-6
6-6-2-7-205-POc-rali-a-1,,,,,6-6-2-7-205-POc-rali-a,6-6-2-7-205-POc-rali-a,6-6
6-6-3-1-208-POc-wari-a-1,,,,,6-6-3-1-208-POc-wari-a,6-6-3-1-208-POc-wari-a,6-6
6-6-3-1-208-POc-kanam-a-1,,,,,6-6-3-1-208-POc-kanam-a,6-6-3-1-208-POc-kanam-a,6-6
6-6-3-2-209-POc-rai-a-1,,,,,6-6-3-2-209-POc-rai-a,6-6-3-2-209-POc-rai-a,6-6
6-6-3-2-210-PChk-uru-a-1,,,,,6-6-3-2-210-PChk-uru-a,6-6-3-2-210-PChk-uru-a,6-6
6-6-3-2-211-PPn-siwa-a-1,,,,,6-6-3-2-211-PPn-siwa-a,6-6-3-2-211-PPn-siwa-a,6-6
6-6-3-3-212-POc-sarup-a-1,,,,,6-6-3-3-212-POc-sarup-a,6-6-3-3-212-POc-sarup-a,6-6
6-6-3-6-214-POc-roroor-a-1,,,,,6-6-3-6-214-POc-roroor-a,6-6-3-6-214-POc-roroor-a,6-6
6-6-3-7-216-PPn-tala-a-1,,,,,4-6-7-6-368-PPn-tala-a,6-6-3-7-216-PPn-tala-a,6-6
6-6-3-7-216-PNPn-kakai-a-1,,,,,6-6-3-7-216-PNPn-kakai-a,6-6-3-7-216-PNPn-kakai-a,6-6
6-6-4-1-220-POc-sagar-a-1,,,,,6-6-4-1-220-POc-sagar-a,6-6-4-1-220-POc-sagar-a,6-6
6-6-4-1-221-POc-mako-a-1,,,,,6-6-4-1-221-POc-mako-a,6-6-4-1-221-POc-mako-a,6-6
6-6-4-1-222-PNCV-sale-a-1,,,,,6-6-4-1-222-PNCV-sale-a,6-6-4-1-222-PNCV-sale-a,6-6
6-6-4-1-223-POc-pajar-a-1,,,,,5-7-4-1-470-POc-pajar-a,6-6-4-1-223-POc-pajar-a,6-6
6-6-6-3-229-POc-sikop-a-1,,,,,6-6-6-3-229-POc-sikop-a,6-6-6-3-229-POc-sikop-a,6-6
6-7-2-None-236-POc-qanitu-a-1,,,,,6-7-2-None-236-POc-qanitu-a,6-7-2-None-236-POc-qanitu-a,6-7
6-7-2-None-237-PNCV-qatamate-a-1,,,,,6-7-2-None-237-PNCV-qatamate-a,6-7-2-None-237-PNCV-qatamate-a,6-7
6-7-2-None-238-PNGOc-baraqum-a-1,,,,,6-7-2-None-238-PNGOc-baraqum-a,6-7-2-None-238-PNGOc-baraqum-a,6-7
6-7-4-None-243-POc-qata-a-1,,,,,5-3-9-1-205-POc-qata-a,6-7-4-None-243-POc-qata-a,6-7
6-7-5-None-245-POc-qatuan-a-1,,,,,6-7-5-None-245-POc-qatuan-a,6-7-5-None-245-POc-qatuan-a,6-7
6-7-5-None-246-POc-tubuqan-a-1,,,,,6-7-5-None-246-POc-tubuqan-a,6-7-5-None-246-POc-tubuqan-a,6-7
6-8-4-None-266-PNGOc-naba-a-1,,,,,6-8-4-None-266-PNGOc-naba-a,6-8-4-None-266-PNGOc-naba-a,6-8
6-10-2-None-285-POc-tabu-a-1,,,,,6-10-2-None-285-POc-tabu-a,6-10-2-None-285-POc-tabu-a,6-10
6-11-5-7-341-PROc-ucunu-a-1,,,,,6-11-5-7-341-PROc-ucunu-a,6-11-5-7-341-PROc-ucunu-a,6-11
6-11-5-7-341-POc-manuk-a-1,,,,,2-6-5-2-168-POc-manuk-a,6-11-5-7-341-POc-manuk-a,6-11
6-11-5-7-342-PChk-icci-a-1,,,,,6-11-5-7-342-PChk-icci-a,6-11-5-7-342-PChk-icci-a,6-11
6-11-5-7-342-ProtoChuukicPonapeic-tarobolu-a-1,,,,,6-11-5-7-342-ProtoChuukicPonapeic-tarobolu-a,6-11-5-7-342-ProtoChuukicPonapeic-tarobolu-a,6-11
6-11-5-7-343-PChk-aremoi-a-1,,,,,6-11-5-7-343-PChk-aremoi-a,6-11-5-7-343-PChk-aremoi-a,6-11
6-11-5-7-343-PMic-sumuru-a-1,,,,,6-11-5-7-343-PMic-sumuru-a,6-11-5-7-343-PMic-sumuru-a,6-11
6-11-5-7-344-PMic-maticiki-a-1,,,,,6-11-5-7-344-PMic-maticiki-a,6-11-5-7-344-PMic-maticiki-a,6-11
6-11-5-7-345-PMic-matilapa-a-1,,,,,6-11-5-7-345-PMic-matilapa-a,6-11-5-7-345-PMic-matilapa-a,6-11
6-11-5-7-345-PWMic-laka-a-1,,,,,6-11-5-7-345-PWMic-laka-a,6-11-5-7-345-PWMic-laka-a,6-11
6-12-3-1-381-POc-pa-a-1,,,,,6-12-3-1-381-POc-pa-a,6-12-3-1-381-POc-pa-a,6-12
6-12-3-1-383-PWOc-sowa-a-1,,,,,6-12-3-1-383-PWOc-sowa-a,6-12-3-1-383-PWOc-sowa-a,6-12
6-12-3-3-387-PWOc-tore-a-1,,,,,6-12-3-3-387-PWOc-tore-a,6-12-3-3-387-PWOc-tore-a,6-12
6-12-4-1-391-POc-taram-a-1,,,,,6-12-4-1-391-POc-taram-a,6-12-4-1-391-POc-taram-a,6-12
6-12-5-None-397-POc-kapat-a-1,,,,,6-12-5-None-397-POc-kapat-a,6-12-5-None-397-POc-kapat-a,6-12
6-12-5-None-398-POc-ulu-a-1,,,,,6-12-5-None-398-POc-ulu-a,6-12-5-None-398-POc-ulu-a,6-12
6-13-3-None-408-POc-poli-a-1,,,,,6-13-3-None-408-POc-poli-a,6-13-3-None-408-POc-poli-a,6-13
6-13-3-None-409-PWOc-kulae-a-1,,,,,6-13-3-None-409-PWOc-kulae-a,6-13-3-None-409-PWOc-kulae-a,6-13
6-13-4-4-412-PPn-taqoa-a-1,,,,,6-13-4-4-412-PPn-taqoa-a,6-13-4-4-412-PPn-taqoa-a,6-13
6-13-5-1-415-POc-wase-a-1,,,,,6-13-5-1-415-POc-wase-a,6-13-5-1-415-POc-wase-a,6-13
6-13-5-3-418-POc-buku-a-1,,,,,1-9-10-None-291-POc-buku-a,6-13-5-3-418-POc-buku-a,6-13
6-13-5-3-419-PEOc-sui-a-1,,,,,6-13-5-3-419-PEOc-sui-a,6-13-5-3-419-PEOc-sui-a,6-13
6-13-6-None-422-POc-pani-a-1,,,,,6-13-6-None-422-POc-pani-a,6-13-6-None-422-POc-pani-a,6-13
6-13-6-None-422-POc-pere-a-1,,,,,6-13-6-None-422-POc-pere-a,6-13-6-None-422-POc-pere-a,6-13
6-14-2-None-440-PPn-tau-a-1,,,,,6-14-2-None-440-PPn-tau-a,6-14-2-None-440-PPn-tau-a,6-14
6-14-4-5-468-POc-sapuluq-a-1,,,,,6-14-4-5-468-POc-sapuluq-a,6-14-4-5-468-POc-sapuluq-a,6-14
6-14-4-5-469-POc-saratus-a-1,,,,,6-14-4-5-469-POc-saratus-a,6-14-4-5-469-POc-saratus-a,6-14
6-16-7-None-567-PPn-fua-a-1,,,,,6-16-7-None-567-PPn-fua-a,6-16-7-None-567-PPn-fua-a,6-16
1-4-4-1-89-adm-loniu-mati,1-4-4-1-89-adm-loniu-mati,,,,,,1-4
1-4-4-1-93-pn-rapanui-mata,1-4-4-1-93-pn-rapanui-mata,,,,,,1-4
1-4-5-1-97-ses-lau-maku,1-4-5-1-97-ses-lau-maku,,,,,,1-4
1-5-8-2-132-ses-arosi-sui,1-5-8-2-132-ses-arosi-sui,,,,,,1-5
1-6-2-1-145-nng-maposbuang-vakrur,1-6-2-1-145-nng-maposbuang-vakrur,,,,,,1-6
1-6-2-5-147-adm-mussau-atukotolu,1-6-2-5-147-adm-mussau-atukotolu,,,,,,1-6
1-7-2-1-178-wmp-malay-waka,1-7-2-1-178-wmp-malay-waka,,,,,,1-7
1-7-2-2-184-nng-kove-lae,1-7-2-2-184-nng-kove-lae,,,,,,1-7
1-9-3-None-245-pt-iduna-talakehi,1-9-3-None-245-pt-iduna-talakehi,,,,,,1-9
1-9-3-1-248-ses-longgu-mousi,1-9-3-1-248-ses-longgu-mousi,,,,,,1-9
1-9-7-None-284-pt-iduna-vilo,1-9-7-None-284-pt-iduna-vilo,,,,,,1-9
2-3-3-3-47-nng-maposbuang-belvaa,2-3-3-3-47-nng-maposbuang-belvaa,,,,,,2-3
2-3-6-2-62-nng-kaulong-ekimaran,2-3-6-2-62-nng-kaulong-ekimaran,,,,,,2-3
2-3-9-4-85-adm-mussau-manugagaga,2-3-9-4-85-adm-mussau-manugagaga,,,,,,2-3
2-4-2-1-93-ses-lau-asiabua,2-4-2-1-93-ses-lau-asiabua,,,,,,2-4
2-4-2-2-96-pt-kiriwina-ipaisaga,2-4-2-2-96-pt-kiriwina-ipaisaga,,,,,,2-4
2-4-3-2-110-pt-motu-haoda,2-4-3-2-110-pt-motu-haoda,,,,,,2-4
2-5-4-1-127-nng-amara-omur,2-5-4-1-127-nng-amara-omur,,,,,,2-5
2-5-4-2-135-ses-arosi-worosi,2-5-4-2-135-ses-arosi-worosi,,,,,,2-5
2-5-4-2-135-mic-ponapean-nanpar,2-5-4-2-135-mic-ponapean-nanpar,,,,,,2-5
2-5-4-2-138-mm-roviana-toarauru,2-5-4-2-138-mm-roviana-toarauru,,,,,,2-5
2-5-4-2-140-nng-kove-hai,2-5-4-2-140-nng-kove-hai,,,,,,2-5
2-5-4-2-140-mm-barok-awat,2-5-4-2-140-mm-barok-awat,,,,,,2-5
2-5-5-2-145-mm-vitu-abuabu,2-5-5-2-145-mm-vitu-abuabu,,,,,,2-5
2-6-2-2-158-pt-motu-gubadokona,2-6-2-2-158-pt-motu-gubadokona,,,,,,2-6
2-6-5-2-167-nng-gedaged-boitinan,2-6-5-2-167-nng-gedaged-boitinan,,,,,,2-6
2-6-5-2-168-mm-roviana-govetepisi,2-6-5-2-168-mm-roviana-govetepisi,,,,,,2-6
2-6-5-2-169-adm-ninigo-manifono,2-6-5-2-169-adm-ninigo-manifono,,,,,,2-6
2-6-5-2-169-mic-satawalese-painemanemefu,2-6-5-2-169-mic-satawalese-painemanemefu,,,,,,2-6
2-6-5-2-173-ses-saa-ape,2-6-5-2-173-ses-saa-ape,,,,,,2-6
2-6-5-2-173-ses-saa-romane,2-6-5-2-173-ses-saa-romane,,,,,,2-6
2-6-5-2-174-ses-saa-ireki,2-6-5-2-174-ses-saa-ireki,,,,,,2-6
2-6-5-2-174-mic-kiribati-tebotonaiai,2-6-5-2-174-mic-kiribati-tebotonaiai,,,,,,2-6
2-6-5-2-179-pn-samoan-aoleleaotoa,2-6-5-2-179-pn-samoan-aoleleaotoa,,,,,,2-6
2-7-2-2-206-ses-wguad-vasau,2-7-2-2-206-ses-wguad-vasau,,,,,,2-7
2-7-4-None-214-adm-mussau-boboiena,2-7-4-None-214-adm-mussau-boboiena,,,,,,2-7
2-7-4-None-214-nng-kairiru-jirjir,2-7-4-None-214-nng-kairiru-jirjir,,,,,,2-7
2-7-4-None-215-nng-manam-zizi,2-7-4-None-215-nng-manam-zizi,,,,,,2-7
2-7-4-None-215-ncv-mota-memea,2-7-4-None-215-ncv-mota-memea,,,,,,2-7
2-8-2-3-256-yap-yapese-wuu,2-8-2-3-256-yap-yapese-wuu,,,,,,2-8
2-8-2-4-265-adm-mussau-bea,2-8-2-4-265-adm-mussau-bea,,,,,,2-8
2-8-3-3-275-nng-takia-sda,2-8-3-3-275-nng-takia-sda,,,,,,2-8
2-9-2-3-316-pt-motu-huadoai,2-9-2-3-316-pt-motu-huadoai,,,,,,2-9
2-9-2-3-317-pt-kiriwina-kapatu,2-9-2-3-317-pt-kiriwina-kapatu,,,,,,2-9
2-9-2-3-317-pt-kiriwina-tubukonatubugeguda,2-9-2-3-317-pt-kiriwina-tubukonatubugeguda,,,,,,2-9
2-9-2-3-317-adm-drehet-purekxek,2-9-2-3-317-adm-drehet-purekxek,,,,,,2-9
2-9-2-3-317-mm-maringe-kafa,2-9-2-3-317-mm-maringe-kafa,,,,,,2-9
2-9-2-4-319-nng-kove-hai,2-9-2-4-319-nng-kove-hai,,,,,,2-9
2-9-3-3-323-adm-drehet-kumi,2-9-3-3-323-adm-drehet-kumi,,,,,,2-9
2-9-3-3-327-pt-tawala-lolowa,2-9-3-3-327-pt-tawala-lolowa,,,,,,2-9
2-9-3-3-327-ncv-raga-ninovi,2-9-3-3-327-ncv-raga-ninovi,,,,,,2-9
2-9-3-3-328-nng-sio-walani,2-9-3-3-328-nng-sio-walani,,,,,,2-9
2-9-3-3-329-adm-drehet-nekepi,2-9-3-3-329-adm-drehet-nekepi,,,,,,2-9
3-3-4-1-70-adm-lou-koe,3-3-4-1-70-adm-lou-koe,,,,,,3-3
3-3-4-8-80-mic-kosraean-po,3-3-4-8-80-mic-kosraean-po,,,,,,3-3
3-3-4-8-80-pt-iduna-maiwa,3-3-4-8-80-pt-iduna-maiwa,,,,,,3-3
3-3-4-8-81-nng-maposbuang-vav,3-3-4-8-81-nng-maposbuang-vav,,,,,,3-3
3-4-2-9-119-adm-lou-komit,3-4-2-9-119-adm-lou-komit,,,,,,3-4
3-5-5-1-149-ncv-namakir-namara,3-5-5-1-149-ncv-namakir-namara,,,,,,3-5
3-5-5-1-149-ncv-neambae-bise,3-5-5-1-149-ncv-neambae-bise,,,,,,3-5
3-7-5-10-219-adm-mussau-arita,3-7-5-10-219-adm-mussau-arita,,,,,,3-7
3-7-7-None-235-adm-mondropolon-cannikei,3-7-7-None-235-adm-mondropolon-cannikei,,,,,,3-7
3-7-7-None-235-ncv-paamese-ralienasu,3-7-7-None-235-ncv-paamese-ralienasu,,,,,,3-7
3-7-7-None-236-adm-seimat-taxiipaxi,3-7-7-None-236-adm-seimat-taxiipaxi,,,,,,3-7
3-9-2-2-270-adm-mussau-ulaa,3-9-2-2-270-adm-mussau-ulaa,,,,,,3-9
3-9-3-None-279-nng-mangap-pinpin,3-9-3-None-279-nng-mangap-pinpin,,,,,,3-9
3-10-4-1-305-mic-kosraean-kny,3-10-4-1-305-mic-kosraean-kny,,,,,,3-10
3-11-2-3-322-mm-nakanai-uele,3-11-2-3-322-mm-nakanai-uele,,,,,,3-11
3-11-2-3-322-mm-roviana-kinu,3-11-2-3-322-mm-roviana-kinu,,,,,,3-11
3-11-3-6-346-mm-karae-malaukis,3-11-3-6-346-mm-karae-malaukis,,,,,,3-11
3-11-4-1-350-mm-maringe-lama,3-11-4-1-350-mm-maringe-lama,,,,,,3-11
3-12-3-5-366-pt-taboro-niutubuna,3-12-3-5-366-pt-taboro-niutubuna,,,,,,3-12
3-12-4-3-375-sv-anejom-nhutuma,3-12-4-3-375-sv-anejom-nhutuma,,,,,,3-12
3-12-5-3-386-adm-titan-parol,3-12-5-3-386-adm-titan-parol,,,,,,3-12
3-13-3-1-399-mm-tolai-kaur,3-13-3-1-399-mm-tolai-kaur,,,,,,3-13
4-2-4-None-33-pt-muyuw-tagiligal,4-2-4-None-33-pt-muyuw-tagiligal,,,,,,4-2
4-2-22-None-67-mm-patpatar-matagirit,4-2-22-None-67-mm-patpatar-matagirit,,,,,,4-2
4-2-26-None-72-mm-patpatar-malala,4-2-26-None-72-mm-patpatar-malala,,,,,,4-2
4-2-58-None-117-nng-wogeo-sakbarema,4-2-58-None-117-nng-wogeo-sakbarema,,,,,,4-2
4-4-3-2-168-mm-roviana-pepete,4-4-3-2-168-mm-roviana-pepete,,,,,,4-4
4-4-7-3-212-mm-maringe-naudu,4-4-7-3-212-mm-maringe-naudu,,,,,,4-4
4-5-2-3-226-ses-gela-kadora,4-5-2-3-226-ses-gela-kadora,,,,,,4-5
4-5-2-5-228-nng-megiar-madar,4-5-2-5-228-nng-megiar-madar,,,,,,4-5
4-5-2-8-234-pt-oyaoya-gimau,4-5-2-8-234-pt-oyaoya-gimau,,,,,,4-5
4-5-3-2-242-ncv-mota-kurut,4-5-3-2-242-ncv-mota-kurut,,,,,,4-5
4-5-5-1-248-nng-lukeppono-pon,4-5-5-1-248-nng-lukeppono-pon,,,,,,4-5
4-5-5-4-262-ncv-mota-mai,4-5-5-4-262-ncv-mota-mai,,,,,,4-5
4-6-2-None-274-nng-manam-lalau,4-6-2-None-274-nng-manam-lalau,,,,,,4-6
4-6-2-None-279-nng-gitua-pua,4-6-2-None-279-nng-gitua-pua,,,,,,4-6
4-6-5-2-290-tm-buma-ovene,4-6-5-2-290-tm-buma-ovene,,,,,,4-6
4-6-5-3-294-pn-maorisouthisland-kamana,4-6-5-3-294-pn-maorisouthisland-kamana,,,,,,4-6
4-6-5-3-295-fij-kadavu-torotaro,4-6-5-3-295-fij-kadavu-torotaro,,,,,,4-6
4-6-5-3-296-pn-maori-mokora,4-6-5-3-296-pn-maori-mokora,,,,,,4-6
4-6-5-3-296-pt-motu-mokoraha,4-6-5-3-296-pt-motu-mokoraha,,,,,,4-6
4-6-5-4-297-mic-puluwatese-mallap,4-6-5-4-297-mic-puluwatese-mallap,,,,,,4-6
4-6-5-7-309-ses-gela-bilakebulake,4-6-5-7-309-ses-gela-bilakebulake,,,,,,4-6
4-6-5-8-313-mm-nehan-bor,4-6-5-8-313-mm-nehan-bor,,,,,,4-6
4-6-5-9-328-pn-tikopia-kura,4-6-5-9-328-pn-tikopia-kura,,,,,,4-6
4-6-5-10-330-pn-mangarevan-pakanei,4-6-5-10-330-pn-mangarevan-pakanei,,,,,,4-6
4-6-5-11-332-pn-tuvalu-lulu,4-6-5-11-332-pn-tuvalu-lulu,,,,,,4-6
4-6-5-11-332-mic-kiribati-ruru,4-6-5-11-332-mic-kiribati-ruru,,,,,,4-6
4-6-5-13-337-fij-bauan-seala,4-6-5-13-337-fij-bauan-seala,,,,,,4-6
4-6-5-15-340-ses-areare-pinaniano,4-6-5-15-340-ses-areare-pinaniano,,,,,,4-6
4-6-6-5-345-sv-ura-ulcap,4-6-6-5-345-sv-ura-ulcap,,,,,,4-6
4-6-6-5-346-ses-gela-laulaulaka,4-6-6-5-346-ses-gela-laulaulaka,,,,,,4-6
4-6-6-6-347-adm-loniu-cuka,4-6-6-6-347-adm-loniu-cuka,,,,,,4-6
4-6-7-3-355-pn-tongan-fuako,4-6-7-3-355-pn-tongan-fuako,,,,,,4-6
4-6-7-3-357-nng-mangap-kalau,4-6-7-3-357-nng-mangap-kalau,,,,,,4-6
4-6-7-5-360-pn-rennellese-siviu,4-6-7-5-360-pn-rennellese-siviu,,,,,,4-6
4-6-7-6-367-pn-takuu-kinakina,4-6-7-6-367-pn-takuu-kinakina,,,,,,4-6
4-7-7-None-387-nng-poeng-rorome,4-7-7-None-387-nng-poeng-rorome,,,,,,4-7
4-7-7-None-387-pt-sudest-wawaeba,4-7-7-None-387-pt-sudest-wawaeba,,,,,,4-7
4-7-10-None-393-nng-vehes-kakak,4-7-10-None-393-nng-vehes-kakak,,,,,,4-7
4-7-10-None-393-adm-loniu-kaln,4-7-10-None-393-adm-loniu-kaln,,,,,,4-7
4-7-14-None-400-mm-nehan-bolbol,4-7-14-None-400-mm-nehan-bolbol,,,,,,4-7
4-7-14-None-400-nng-mengenpoeng-mata,4-7-14-None-400-nng-mengenpoeng-mata,,,,,,4-7
4-7-14-None-400-nng-sengseng-limlek,4-7-14-None-400-nng-sengseng-limlek,,,,,,4-7
4-7-18-None-407-adm-drehet-kxanepup,4-7-18-None-407-adm-drehet-kxanepup,,,,,,4-7
4-7-25-None-417-adm-lou-lalaa,4-7-25-None-417-adm-lou-lalaa,,,,,,4-7
4-7-25-None-417-pn-niuean-moko,4-7-25-None-417-pn-niuean-moko,,,,,,4-7
5-2-2-1-40-adm-mussau-tauninamanama,5-2-2-1-40-adm-mussau-tauninamanama,,,,,,5-2
5-2-3-2-56-nng-kaiep-main,5-2-3-2-56-nng-kaiep-main,,,,,,5-2
5-2-3-2-57-nng-kove-tamine,5-2-3-2-57-nng-kove-tamine,,,,,,5-2
5-2-4-2-65-pt-tawala-kiki,5-2-4-2-65-pt-tawala-kiki,,,,,,5-2
5-3-4-2-103-wmp-malay-batok,5-3-4-2-103-wmp-malay-batok,,,,,,5-3
5-3-4-9-120-fij-bauan-dakudakunimata,5-3-4-9-120-fij-bauan-dakudakunimata,,,,,,5-3
5-3-4-9-121-adm-loniu-cilimata,5-3-4-9-121-adm-loniu-cilimata,,,,,,5-3
5-3-4-11-125-adm-nyindrou-mununo,5-3-4-11-125-adm-nyindrou-mununo,,,,,,5-3
5-3-5-6-145-adm-nyindrou-druwikabede,5-3-5-6-145-adm-nyindrou-druwikabede,,,,,,5-3
5-3-5-6-146-nng-lukeppono-girigira,5-3-5-6-146-nng-lukeppono-girigira,,,,,,5-3
5-3-5-10-151-nng-bariai-piso,5-3-5-10-151-nng-bariai-piso,,,,,,5-3
5-3-5-10-152-nng-vehes-vroo,5-3-5-10-152-nng-vehes-vroo,,,,,,5-3
5-3-5-10-153-adm-seimat-puto,5-3-5-10-153-adm-seimat-puto,,,,,,5-3
5-3-5-10-154-nng-nenaya-bisu,5-3-5-10-154-nng-nenaya-bisu,,,,,,5-3
5-3-5-10-154-nng-malasanga-boso,5-3-5-10-154-nng-malasanga-boso,,,,,,5-3
5-3-6-5-171-nng-takia-ielaben,5-3-6-5-171-nng-takia-ielaben,,,,,,5-3
5-3-6-5-171-pt-dobu-aebatebatete,5-3-6-5-171-pt-dobu-aebatebatete,,,,,,5-3
5-3-6-6-173-nng-mutu-axemuri,5-3-6-6-173-nng-mutu-axemuri,,,,,,5-3
5-3-6-6-173-pn-samoan-tulaaavae,5-3-6-6-173-pn-samoan-tulaaavae,,,,,,5-3
5-3-6-8-180-nng-hote-dumsae,5-3-6-8-180-nng-hote-dumsae,,,,,,5-3
5-3-7-1-180-mm-nakanai-hate,5-3-7-1-180-mm-nakanai-hate,,,,,,5-3
5-3-7-3-183-nng-bukawa-ategasop,5-3-7-3-183-nng-bukawa-ategasop,,,,,,5-3
5-3-7-9-193-ses-arosi-koraimabe,5-3-7-9-193-ses-arosi-koraimabe,,,,,,5-3
5-3-7-9-193-ses-lau-ligiligi,5-3-7-9-193-ses-lau-ligiligi,,,,,,5-3
5-3-7-9-193-adm-seimat-huainonu,5-3-7-9-193-adm-seimat-huainonu,,,,,,5-3
5-3-7-10-194-adm-titan-namanumim,5-3-7-10-194-adm-titan-namanumim,,,,,,5-3
5-3-8-1-197-mm-roviana-kolomata,5-3-8-1-197-mm-roviana-kolomata,,,,,,5-3
5-3-8-1-197-pt-motu-irurumata,5-3-8-1-197-pt-motu-irurumata,,,,,,5-3
5-3-8-3-200-adm-mussau-mausa,5-3-8-3-200-adm-mussau-mausa,,,,,,5-3
5-3-8-4-200-adm-drehet-weyipehea,5-3-8-4-200-adm-drehet-weyipehea,,,,,,5-3
5-4-2-2-218-nng-gedaged-magagau,5-4-2-2-218-nng-gedaged-magagau,,,,,,5-4
5-4-2-2-220-pn-samoan-fanaua,5-4-2-2-220-pn-samoan-fanaua,,,,,,5-4
5-4-3-1-231-nng-maposbuang-rm,5-4-3-1-231-nng-maposbuang-rm,,,,,,5-4
5-4-3-1-231-nng-labu-hugu,5-4-3-1-231-nng-labu-hugu,,,,,,5-4
5-4-3-1-232-pt-iduna-onanaga,5-4-3-1-232-pt-iduna-onanaga,,,,,,5-4
5-4-3-1-232-mm-ramoaaina-odo,5-4-3-1-232-mm-ramoaaina-odo,,,,,,5-4
5-4-3-1-232-nng-gedaged-same,5-4-3-1-232-nng-gedaged-same,,,,,,5-4
5-4-3-2-244-adm-seimat-un,5-4-3-2-244-adm-seimat-un,,,,,,5-4
5-4-3-2-244-nng-tuam-un,5-4-3-2-244-nng-tuam-un,,,,,,5-4
5-4-3-3-256-adm-nyindrou-baleamar,5-4-3-3-256-adm-nyindrou-baleamar,,,,,,5-4
5-4-3-4-262-mm-vitu-todomi,5-4-3-4-262-mm-vitu-todomi,,,,,,5-4
5-4-3-4-263-pt-kilivila-donomi,5-4-3-4-263-pt-kilivila-donomi,,,,,,5-4
5-4-3-4-263-nng-psohoh-klui,5-4-3-4-263-nng-psohoh-klui,,,,,,5-4
5-4-3-4-264-mm-tolai-kodom,5-4-3-4-264-mm-tolai-kodom,,,,,,5-4
5-4-3-5-270-mm-roviana-memea,5-4-3-5-270-mm-roviana-memea,,,,,,5-4
5-4-4-1-279-nng-bariai-isiilele,5-4-4-1-279-nng-bariai-isiilele,,,,,,5-4
5-4-6-2-310-adm-seimat-pulalihian,5-4-6-2-310-adm-seimat-pulalihian,,,,,,5-4
5-4-6-2-310-nng-mangap-matapot,5-4-6-2-310-nng-mangap-matapot,,,,,,5-4
5-4-6-2-311-pt-misima-matakenukenu,5-4-6-2-311-pt-misima-matakenukenu,,,,,,5-4
5-4-6-2-311-pt-tawala-matapota,5-4-6-2-311-pt-tawala-matapota,,,,,,5-4
5-4-6-2-311-adm-drehet-mataimili,5-4-6-2-311-adm-drehet-mataimili,,,,,,5-4
5-4-6-2-312-nng-yabem-lipopo,5-4-6-2-312-nng-yabem-lipopo,,,,,,5-4
5-4-7-5-324-nng-gedaged-duduundidiun,5-4-7-5-324-nng-gedaged-duduundidiun,,,,,,5-4
5-5-3-16-359-adm-seimat-pulatalitalia,5-5-3-16-359-adm-seimat-pulatalitalia,,,,,,5-5
5-6-2-4-381-mm-nakanai-tototulu,5-6-2-4-381-mm-nakanai-tototulu,,,,,,5-6
5-6-3-1-390-nng-medebur-wa,5-6-3-1-390-nng-medebur-wa,,,,,,5-6
5-6-6-2-436-adm-loniu-kun,5-6-6-2-436-adm-loniu-kun,,,,,,5-6
5-8-3-None-503-adm-mussau-noonoo,5-8-3-None-503-adm-mussau-noonoo,,,,,,5-8
5-9-1-None-517-adm-seimat-patuailan,5-9-1-None-517-adm-seimat-patuailan,,,,,,5-9
5-9-2-1-521-nng-gitua-atemutu,5-9-2-1-521-nng-gitua-atemutu,,,,,,5-9
5-9-2-2-524-nng-mutu-loloita,5-9-2-2-524-nng-mutu-loloita,,,,,,5-9
5-9-3-None-525-nng-takia-ilowei,5-9-3-None-525-nng-takia-ilowei,,,,,,5-9
5-9-3-None-526-pt-kiriwina-itutuvovogu,5-9-3-None-526-pt-kiriwina-itutuvovogu,,,,,,5-9
5-9-3-None-526-pt-dobu-nuayai,5-9-3-None-526-pt-dobu-nuayai,,,,,,5-9
5-9-3-None-526-pt-dobu-atenuaoleole,5-9-3-None-526-pt-dobu-atenuaoleole,,,,,,5-9
5-9-3-None-527-ses-lau-manataburo,5-9-3-None-527-ses-lau-manataburo,,,,,,5-9
5-9-3-None-528-ses-gela-liopadi,5-9-3-None-528-ses-gela-liopadi,,,,,,5-9
5-9-3-None-528-tm-vano-warenegamituitu,5-9-3-None-528-tm-vano-warenegamituitu,,,,,,5-9
5-9-3-None-528-mic-marshallese-borojepel,5-9-3-None-528-mic-marshallese-borojepel,,,,,,5-9
5-9-3-None-529-pn-tongan-lotokovi,5-9-3-None-529-pn-tongan-lotokovi,,,,,,5-9
5-9-3-None-529-pn-samoan-lotovaivai,5-9-3-None-529-pn-samoan-lotovaivai,,,,,,5-9
5-9-3-None-529-pn-tongan-lotofiemalie,5-9-3-None-529-pn-tongan-lotofiemalie,,,,,,5-9
5-9-3-None-529-pn-samoan-lotoleaa,5-9-3-None-529-pn-samoan-lotoleaa,,,,,,5-9
5-9-4-None-530-nng-mangap-keteimap,5-9-4-None-530-nng-mangap-keteimap,,,,,,5-9
5-9-4-None-531-mm-nakanai-lahatelaraga,5-9-4-None-531-mm-nakanai-lahatelaraga,,,,,,5-9
5-9-4-None-531-nng-yabem-ttalulu,5-9-4-None-531-nng-yabem-ttalulu,,,,,,5-9
5-9-4-None-532-pt-motu-asekuro,5-9-4-None-532-pt-motu-asekuro,,,,,,5-9
5-10-2-None-538-ncv-tolomako-kile,5-10-2-None-538-ncv-tolomako-kile,,,,,,5-10
5-10-2-None-541-nng-mangap-re,5-10-2-None-541-nng-mangap-re,,,,,,5-10
5-10-2-None-541-nng-mutu-lo,5-10-2-None-541-nng-mutu-lo,,,,,,5-10
5-10-2-None-542-pt-gumawana-yagoi,5-10-2-None-542-pt-gumawana-yagoi,,,,,,5-10
5-10-3-None-544-adm-baluan-pa,5-10-3-None-544-adm-baluan-pa,,,,,,5-10
5-10-4-None-554-mm-nehan-mana,5-10-4-None-554-mm-nehan-mana,,,,,,5-10
5-10-5-None-555-pt-dobu-nualoba,5-10-5-None-555-pt-dobu-nualoba,,,,,,5-10
5-10-5-None-556-nng-bariai-imatananan,5-10-5-None-556-nng-bariai-imatananan,,,,,,5-10
5-10-5-None-556-nng-mangap-mataimiili,5-10-5-None-556-nng-mangap-mataimiili,,,,,,5-10
5-10-5-None-556-nng-kove-mataxuvara,5-10-5-None-556-nng-kove-mataxuvara,,,,,,5-10
5-10-5-None-556-pt-balawaia-tuamaitao,5-10-5-None-556-pt-balawaia-tuamaitao,,,,,,5-10
5-10-5-None-557-nng-mangap-mataigal,5-10-5-None-557-nng-mangap-mataigal,,,,,,5-10
5-10-6-None-557-adm-nyindrou-balemani,5-10-6-None-557-adm-nyindrou-balemani,,,,,,5-10
5-10-6-None-557-nng-poeng-laupogo,5-10-6-None-557-nng-poeng-laupogo,,,,,,5-10
5-10-6-None-557-nng-takia-iloao,5-10-6-None-557-nng-takia-iloao,,,,,,5-10
5-10-6-None-558-adm-baluan-wotlilisek,5-10-6-None-558-adm-baluan-wotlilisek,,,,,,5-10
5-10-6-None-558-ses-saa-maarodo,5-10-6-None-558-ses-saa-maarodo,,,,,,5-10
5-10-7-None-559-nng-takia-awatumani,5-10-7-None-559-nng-takia-awatumani,,,,,,5-10
5-10-8-None-560-nng-lukep-loru,5-10-8-None-560-nng-lukep-loru,,,,,,5-10
5-10-8-None-561-mic-carolinian-rar,5-10-8-None-561-mic-carolinian-rar,,,,,,5-10
5-10-8-None-561-nng-takia-ilowei,5-10-8-None-561-nng-takia-ilowei,,,,,,5-10
5-10-9-None-561-nng-takia-ilokisaek,5-10-9-None-561-nng-takia-ilokisaek,,,,,,5-10
5-10-9-None-562-adm-nyindrou-sahouradrale,5-10-9-None-562-adm-nyindrou-sahouradrale,,,,,,5-10
5-10-11-None-563-ses-tolo-sasani,5-10-11-None-563-ses-tolo-sasani,,,,,,5-10
5-11-2-2-568-adm-titan-manrean,5-11-2-2-568-adm-titan-manrean,,,,,,5-11
5-11-3-None-573-pt-iduna-toselakalaka,5-11-3-None-573-pt-iduna-toselakalaka,,,,,,5-11
5-11-3-None-574-pt-iduna-tonuadoa,5-11-3-None-574-pt-iduna-tonuadoa,,,,,,5-11
5-11-3-None-574-pt-motu-heaitauna,5-11-3-None-574-pt-motu-heaitauna,,,,,,5-11
5-11-3-None-574-adm-seimat-oasolian,5-11-3-None-574-adm-seimat-oasolian,,,,,,5-11
5-11-3-None-575-pn-tongan-aamalu,5-11-3-None-575-pn-tongan-aamalu,,,,,,5-11
5-11-3-None-575-fij-wayan-alokasa,5-11-3-None-575-fij-wayan-alokasa,,,,,,5-11
5-11-3-1-577-ses-arosi-ahumarumua,5-11-3-1-577-ses-arosi-ahumarumua,,,,,,5-11
5-11-3-2-579-nng-takia-ilodabai,5-11-3-2-579-nng-takia-ilodabai,,,,,,5-11
5-11-3-2-579-pt-dobu-matamatauta,5-11-3-2-579-pt-dobu-matamatauta,,,,,,5-11
5-11-3-2-580-ncv-mota-varalava,5-11-3-2-580-ncv-mota-varalava,,,,,,5-11
5-11-3-3-580-adm-seimat-patuailan,5-11-3-3-580-adm-seimat-patuailan,,,,,,5-11
5-11-3-3-580-nng-mutu-taliazizi,5-11-3-3-580-nng-mutu-taliazizi,,,,,,5-11
5-11-3-4-581-ses-lau-liororodoa,5-11-3-4-581-ses-lau-liororodoa,,,,,,5-11
5-11-3-4-581-ses-toabaita-rorodoa,5-11-3-4-581-ses-toabaita-rorodoa,,,,,,5-11
5-11-3-4-583-nng-poeng-lomatana,5-11-3-4-583-nng-poeng-lomatana,,,,,,5-11
5-11-3-4-583-pt-dobu-sinasinapu,5-11-3-4-583-pt-dobu-sinasinapu,,,,,,5-11
5-11-4-1-585-nng-mangap-kuliimozoro,5-11-4-1-585-nng-mangap-kuliimozoro,,,,,,5-11
5-11-4-3-588-adm-nyindrou-adehadruinta,5-11-4-3-588-adm-nyindrou-adehadruinta,,,,,,5-11
5-11-4-4-588-nng-takia-ilouyan,5-11-4-4-588-nng-takia-ilouyan,,,,,,5-11
5-11-4-5-589-nng-yabem-allmwapa,5-11-4-5-589-nng-yabem-allmwapa,,,,,,5-11
5-11-4-5-589-pn-tongan-mafasia,5-11-4-5-589-pn-tongan-mafasia,,,,,,5-11
5-11-4-5-589-nng-takia-ilosaian,5-11-4-5-589-nng-takia-ilosaian,,,,,,5-11
5-11-4-5-589-nng-takia-tiaesaian,5-11-4-5-589-nng-takia-tiaesaian,,,,,,5-11
5-11-4-5-589-nng-takia-ilomadai,5-11-4-5-589-nng-takia-ilomadai,,,,,,5-11
5-11-4-6-591-nng-yabem-ttagoau,5-11-4-6-591-nng-yabem-ttagoau,,,,,,5-11
5-11-4-6-591-adm-nyindrou-drineibukujih,5-11-4-6-591-adm-nyindrou-drineibukujih,,,,,,5-11
5-11-4-7-591-nng-takia-iloibalkaluk,5-11-4-7-591-nng-takia-iloibalkaluk,,,,,,5-11
5-11-4-8-592-mm-nakanai-lahatelaraga,5-11-4-8-592-mm-nakanai-lahatelaraga,,,,,,5-11
5-11-5-None-593-nng-takia-leo,5-11-5-None-593-nng-takia-leo,,,,,,5-11
5-11-5-None-593-ses-longgu-taliinu,5-11-5-None-593-ses-longgu-taliinu,,,,,,5-11
5-11-5-None-593-ses-areare-siri,5-11-5-None-593-ses-areare-siri,,,,,,5-11
5-11-5-None-594-nng-takia-youomat,5-11-5-None-594-nng-takia-youomat,,,,,,5-11
5-11-6-2-599-pt-motu-karadika,5-11-6-2-599-pt-motu-karadika,,,,,,5-11
6-2-3-6-77-yap-yapese-citinio,6-2-3-6-77-yap-yapese-citinio,,,,,,6-2
6-2-4-1-91-adm-pak-hirino,6-2-4-1-91-adm-pak-hirino,,,,,,6-2
6-2-4-1-91-ncv-mota-raveve,6-2-4-1-91-ncv-mota-raveve,,,,,,6-2
6-2-4-1-93-pn-rapa-metuavahine,6-2-4-1-93-pn-rapa-metuavahine,,,,,,6-2
6-2-4-1-93-pn-niue-matuafifine,6-2-4-1-93-pn-niue-matuafifine,,,,,,6-2
6-2-4-1-111-ses-saa-wauehaarua,6-2-4-1-111-ses-saa-wauehaarua,,,,,,6-2
6-2-4-1-123-pn-anuta-kave,6-2-4-1-123-pn-anuta-kave,,,,,,6-2
6-4-2-2-157-mic-trukese-kaia,6-4-2-2-157-mic-trukese-kaia,,,,,,6-4
6-4-2-2-158-pn-tongan-tua,6-4-2-2-158-pn-tongan-tua,,,,,,6-4
6-4-5-2-171-mic-marshallese-iroijlabalap,6-4-5-2-171-mic-marshallese-iroijlabalap,,,,,,6-4
6-4-5-2-172-ses-kwaraae-sarii,6-4-5-2-172-ses-kwaraae-sarii,,,,,,6-4
6-4-5-2-172-adm-nyindrou-lauleleyah,6-4-5-2-172-adm-nyindrou-lauleleyah,,,,,,6-4
6-4-5-2-173-ses-gela-mala,6-4-5-2-173-ses-gela-mala,,,,,,6-4
6-5-5-1-184-adm-mussau-anua,6-5-5-1-184-adm-mussau-anua,,,,,,6-5
6-5-5-1-185-wmp-belau-beluu,6-5-5-1-185-wmp-belau-beluu,,,,,,6-5
6-5-5-3-193-pn-tongan-taataifonua,6-5-5-3-193-pn-tongan-taataifonua,,,,,,6-5
6-6-2-7-205-pt-tawala-pate,6-6-2-7-205-pt-tawala-pate,,,,,,6-6
6-8-2-2-254-nng-manam-dimate,6-8-2-2-254-nng-manam-dimate,,,,,,6-8
6-8-3-None-261-pn-tahitian-tahua,6-8-3-None-261-pn-tahitian-tahua,,,,,,6-8
6-8-4-None-265-adm-lou-palop,6-8-4-None-265-adm-lou-palop,,,,,,6-8
6-8-4-None-265-ncv-raga-barahuva,6-8-4-None-265-ncv-raga-barahuva,,,,,,6-8
6-9-3-2-275-mm-nehan-mana,6-9-3-2-275-mm-nehan-mana,,,,,,6-9
6-9-3-2-276-mm-varisi-mana,6-9-3-2-276-mm-varisi-mana,,,,,,6-9
6-9-5-None-279-sv-lenakel-emnait,6-9-5-None-279-sv-lenakel-emnait,,,,,,6-9
6-9-5-None-279-ses-gela-mana,6-9-5-None-279-ses-gela-mana,,,,,,6-9
6-11-4-3-311-ses-gela-odu,6-11-4-3-311-ses-gela-odu,,,,,,6-11
6-11-4-3-311-fij-bauan-balololailai,6-11-4-3-311-fij-bauan-balololailai,,,,,,6-11
6-11-4-3-312-pn-efutunan-palolomua,6-11-4-3-312-pn-efutunan-palolomua,,,,,,6-11
6-11-5-1-322-nng-wogeo-rakum,6-11-5-1-322-nng-wogeo-rakum,,,,,,6-11
6-11-5-1-323-nng-maenge-vegapana,6-11-5-1-323-nng-maenge-vegapana,,,,,,6-11
6-11-5-1-325-nng-mangap-bui,6-11-5-1-325-nng-mangap-bui,,,,,,6-11
6-11-5-2-330-pt-motu-guiraura,6-11-5-2-330-pt-motu-guiraura,,,,,,6-11
6-11-5-2-331-pt-balawaia-manubada,6-11-5-2-331-pt-balawaia-manubada,,,,,,6-11
6-11-5-3-332-mm-nakanai-etolobubu,6-11-5-3-332-mm-nakanai-etolobubu,,,,,,6-11
6-11-5-4-334-ses-saa-huleilade,6-11-5-4-334-ses-saa-huleilade,,,,,,6-11
6-11-5-6-339-fij-bauan-vulaiwerewere,6-11-5-6-339-fij-bauan-vulaiwerewere,,,,,,6-11
6-11-6-1-359-nng-manam-kaleazomzom,6-11-6-1-359-nng-manam-kaleazomzom,,,,,,6-11
6-11-6-1-360-pt-iduna-vaikohigivivilina,6-11-6-1-360-pt-iduna-vaikohigivivilina,,,,,,6-11
6-11-6-1-360-mm-teop-sivaoabera,6-11-6-1-360-mm-teop-sivaoabera,,,,,,6-11
6-11-6-1-360-pt-motu-matoa,6-11-6-1-360-pt-motu-matoa,,,,,,6-11
6-11-6-2-360-adm-drehet-pulokxop,6-11-6-2-360-adm-drehet-pulokxop,,,,,,6-11
6-11-6-2-361-nng-mangap-puluipet,6-11-6-2-361-nng-mangap-puluipet,,,,,,6-11
6-11-6-2-361-mm-nehan-koburubialoko,6-11-6-2-361-mm-nehan-koburubialoko,,,,,,6-11
6-11-6-2-361-pt-iduna-vaikohibakabakalina,6-11-6-2-361-pt-iduna-vaikohibakabakalina,,,,,,6-11
6-11-6-3-361-adm-drehet-kisiepu,6-11-6-3-361-adm-drehet-kisiepu,,,,,,6-11
6-11-6-4-362-pt-kilivila-kapatu,6-11-6-4-362-pt-kilivila-kapatu,,,,,,6-11
6-11-6-4-363-pt-motu-doai,6-11-6-4-363-pt-motu-doai,,,,,,6-11
6-11-6-4-363-ses-toabaita-siki,6-11-6-4-363-ses-toabaita-siki,,,,,,6-11
6-11-6-4-363-ncv-mwotlap-nowoltgyw,6-11-6-4-363-ncv-mwotlap-nowoltgyw,,,,,,6-11
6-11-6-4-363-sv-lenakel-moukvi,6-11-6-4-363-sv-lenakel-moukvi,,,,,,6-11
6-11-6-4-365-nng-bariai-taikoitaldodom,6-11-6-4-365-nng-bariai-taikoitaldodom,,,,,,6-11
6-11-6-4-365-ses-owa-karenafaaifa,6-11-6-4-365-ses-owa-karenafaaifa,,,,,,6-11
6-12-3-3-387-mm-ramoaaina-tiri,6-12-3-3-387-mm-ramoaaina-tiri,,,,,,6-12
6-12-6-None-400-adm-baluan-pa,6-12-6-None-400-adm-baluan-pa,,,,,,6-12
6-13-5-1-414-adm-titan-kanian,6-13-5-1-414-adm-titan-kanian,,,,,,6-13
6-13-6-None-421-adm-wuvulu-inawarefanau,6-13-6-None-421-adm-wuvulu-inawarefanau,,,,,,6-13
6-14-4-1-449-sj-yamna-tes,6-14-4-1-449-sj-yamna-tes,,,,,,6-14
6-14-4-1-454-nng-dami-takale,6-14-4-1-454-nng-dami-takale,,,,,,6-14
6-14-5-1-477-ncv-tirax-nmlnan,6-14-5-1-477-ncv-tirax-nmlnan,,,,,,6-14
6-14-5-1-478-pt-lala-ivanmlna,6-14-5-1-478-pt-lala-ivanmlna,,,,,,6-14
6-15-5-None-527-nng-malalamai-nimandaainda,6-15-5-None-527-nng-malalamai-nimandaainda,,,,,,6-15
6-15-5-None-527-adm-seimat-seilontel,6-15-5-None-527-adm-seimat-seilontel,,,,,,6-15
6-15-5-None-528-pt-gumawana-korototayamoikavava,6-15-5-None-528-pt-gumawana-korototayamoikavava,,,,,,6-15
6-16-4-None-553-nng-kove-walaravarexe,6-16-4-None-553-nng-kove-walaravarexe,,,,,,6-16
6-16-5-1-556-nng-bariai-leoa,6-16-5-1-556-nng-bariai-leoa,,,,,,6-16
6-16-5-2-557-ses-bugotu-posileo,6-16-5-2-557-ses-bugotu-posileo,,,,,,6-16
6-16-5-3-558-ses-ulawa-kaoisao,6-16-5-3-558-ses-ulawa-kaoisao,,,,,,6-16
6-16-6-1-561-nng-mbula-reo,6-16-6-1-561-nng-mbula-reo,,,,,,6-16
6-16-6-2-562-nng-kove-vataa,6-16-6-2-562-nng-kove-vataa,,,,,,6-16
6-16-6-3-563-nng-kove-walaravarexe,6-16-6-3-563-nng-kove-walaravarexe,,,,,,6-16
6-16-6-3-563-pt-kilivila-lipoi,6-16-6-3-563-pt-kilivila-lipoi,,,,,,6-16
6-16-6-3-564-pt-kilivila-tomaidona,6-16-6-3-564-pt-kilivila-tomaidona,,,,,,6-16
6-16-6-4-565-nng-mangap-yok,6-16-6-4-565-nng-mangap-yok,,,,,,6-16
